document_id,arm_id,Combined follow up_old,Combined follow up_new,Abstinence type_old,Abstinence type_new,Abstinence: Continuous _old,Abstinence: Continuous _new,Abstinence: Point Prevalence _old,Abstinence: Point Prevalence _new,6451791_old,6451791_new,6451788_old,6451788_new,6080485_old,6080485_new,Manually added follow-up duration value_old,Manually added follow-up duration value_new,Manually added follow-up duration units_old,Manually added follow-up duration units_new,6080481_old,6080481_new,6080512_old,6080512_new,6823485_old,6823485_new,1.1.Goal setting_old,1.1.Goal setting_new,6452746_old,6452746_new,3.1 Social support_old,3.1 Social support_new,6452831_old,6452831_new,6452838_old,6452838_new,6452948_old,6452948_new,6452949_old,6452949_new,6080704_old,6080704_new,pychologist_old,pychologist_new,aggregate patient role_old,aggregate patient role_new,6080518_old,6080518_new,6080719_old,6080719_new,"Pregnancy trial 1 = yes, 2 = mix pg and non-pg_old","Pregnancy trial 1 = yes, 2 = mix pg and non-pg_new","Relapse prevention trial (1 = yes, 2 = mix of quitters and non-abstinent)_old","Relapse prevention trial (1 = yes, 2 = mix of quitters and non-abstinent)_new",6080694_old,6080694_new
423124,1947,52,52.2,,PP,,0,,1,,7,,,,,,,,,,,,,,,,,,,,,,,,,,,,,,,,,,,,,,,,,,,,
423124,1946,52,52.2,,PP,,0,,1,,6,,,,,,,,,,,,,,,,,,,,,,,,,,,,,,,,,,,,,,,,,,,,
252905,68,,52.2,,PP,,0,,1,,7,0,1,37,36.7,,12,,months,,,,,,,,,,,,,,,,,,,,,,,,,,,,,,,,,,,,
252905,70,,52.2,,PP,,0,,1,,4,0,1,,,,12,,months,,,,,,,,,,,,,,,,,,,,,,,,,,,,,,,,,,,,
252905,67,,52.2,,PP,,0,,1,,6,0,1,,,,12,,months,,,,,,,,,,,,,,,,,,,,,,,,,,,,,,,,,,,,
252905,69,,52.2,,PP,,0,,1,,5,0,1,40,39.6,,12,,months,,,,,,,,,,,,,,,,,,,,,,,,,,,,,,,,,,,,
263234,347,52,52.2,,NCS,,0,,0,,18.8,,,52,52.5,,,,,51,50.7,12,11.8,,,,,,,,,,,,,,,,,,,,,,,,,,,,,,,,
263234,348,52,52.2,,NCS,,0,,0,,19.2,,,51,51.3,,,,,49,48.8,13,12.6,,,,,,,,,,,,,,,,,,,,,,,,,,,,,,,,
436357,2643,52,52.2,,C,,1,,0,,12.6,,,,,,,,,,,22,21.6,,,,,,,,,,,,,,,,,,,,,,,,,,,,,,,,
436357,2644,52,52.2,,C,,1,,0,,4.1,,,,,,,,,,,24,23.5,,,,,,,,,,,,,,,,,,,,,,,,,,,,,,,,
296278,503,26,26.1,,PP,,0,,1,,5.48,,,,,,,,,,,,,,,,,,,,,,,,,,,,,,,,,,,,,,,,,,,,
296278,504,26,26.1,,PP,,0,,1,,2.55,,,,,,,,,,,,,,,,,,,,,,,,,,,,,,,,,,,,,,,,,,,,
263151,250,52,52.2,,PP,,0,,1,,11.1,,,,,,,,,,,16,15.9,,,,,,,,,,,,,,,,,,,,,,,,,,,,,,,,
263151,252,52,52.2,,PP,,0,,1,,7.4,,,,,,,,,,,16,15.8,,,,,,,,,,,,,,,,,,,,,,,,,,,,,,,,
437483,2314,,,,PP,,0,,1,,10,,,,,,,,,54,53.8,,,,,,,,,,,,,,,,,,,,,,,,,,,,,,,,,,
437483,2313,,,,PP,,0,,1,,20,,,,,,,,,52,52.2,,,,,,,,,,,,,,,,,,,,,,,,,,,,,,,,,,
423137,2048,26,26.1,,PP,,0,,1,,55,,,,,,,,,,,,,,,,,,,,,,,,,,,,,,,,,,,,,,,,,,,,
423137,2047,26,26.1,,PP,,0,,1,,49,,,,,,,,,,,,,,,,,,,,,,,,,,,,,,,,,,,,,,,,,,,,
263084,163,26,26.1,,C,,1,,0,,15,,,,,,,,,36,36.5,,,,,,,,,,,,,,,,,,,,,,,,,,,,,,,,,,
263084,164,26,26.1,,C,,1,,0,,8,,,,,,,,,36,36.5,,,,,,,,,,,,,,,,,,,,,,,,,,,,,,,,,,
263120,204,,,,PP,,0,,1,,11,,,40,40.5,,,,,43,43.4,,,,,,,,,,,,,,,,,,,,,,,,,,,,,,,,,,
263120,199,,,,PP,,0,,1,,24,,,,,,,,,38,37.9,22,22.5,,,,,,,,,,,,,,,,,,,,,,,,,,,,,,,,
263120,203,,,,PP,,0,,1,,17,,,47,47.2,,,,,39,39.3,22,22.2,,,,,,,,,,,,,,,,,,,,,,,,,,,,,,,,
263120,200,,,,PP,,0,,1,,25,,,42,41.7,,,,,37,37.1,20,19.8,,,,,,,,,,,,,,,,,,,,,,,,,,,,,,,,
263120,201,,,,PP,,0,,1,,17,,,46,45.7,,,,,41,40.9,20,20.2,,,,,,,,,,,,,,,,,,,,,,,,,,,,,,,,
263120,202,,,,PP,,0,,1,,18,,,45,44.7,,,,,38,37.8,21,20.9,,,,,,,,,,,,,,,,,,,,,,,,,,,,,,,,
437481,2280,157,156.6,,PP,,0,,1,,8,,,,,,,,,43,42.7,27,27.2,,,,,,,,,,,,,,,,,,,,,,,,,,,,,,,,
437481,2279,157,156.6,,PP,,0,,1,,11,,,,,,,,,41,40.6,30,29.9,,,,,,,,,,,,,,,,,,,,,,,,,,,,,,,,
263107,182,52,52.2,,NCS,,0,,0,,39,,,,,,,,,53,52.89,,,,,,,,,,,,,,,,,,,,,,,,,,,,,,,,,,
263107,183,52,52.2,,NCS,,0,,0,,2,,,,,,,,,55,55.13,,,,,,,,,,,,,,,,,,,,,,,,,,,,,,,,,,
437501,2203,26,26.1,,PP,,0,,1,,32,,,,,,,,,44,44.5,,,,,,,,,,,,,,,,,,,,,,,,,,,,,,,,,,
437501,2202,26,26.1,,PP,,0,,1,,5,,,,,,,,,,,,,,,,,,,,,,,,,,,,,,,,,,,,,,,,,,,,
296453,829,52,52.2,,C,,1,,0,,12.4,,,47,47.3,,,,,41,41.3,,,,,,,,,,,,,,,,,,,,,,,,,,,,,,,,,,
296453,831,52,52.2,,C,,1,,0,,7.9,,,,,,,,,43,43.2,,,,,,,,,,,,,,,,,,,,,,,,,,,,,,,,,,
296453,830,52,52.2,,C,,1,,0,,8.5,,,,,,,,,,,,,,,,,,,,,,,,,,,,,,,,,,,,,,,,,,,,
263133,230,,,,PP,,0,,1,,36.6,,,,,,,,,,,20,19.8,,,,,,,,,,,,,,,,,,,,,,,,,,,,,,,,
263133,229,,,,PP,,0,,1,,18,,,46,46.2,,,,,55,55.3,21,21.2,,,,,,,,,,,,,,,,,,,,,,,,,,,,,,,,
263133,228,,,,PP,,0,,1,,34.2,,,37,36.8,,,,,54,54.4,20,20.5,,,,,,,,,,,,,,,,,,,,,,,,,,,,,,,,
252978,92,,26.1,,C,,1,,0,,10,0,1,,,,6,,months,39,38.8,18,18.5,,,,,,,,,,,,,,,,,,,,,,,,,,,,,,,,
252978,87,,26.1,,C,,1,,0,,10,0,1,,,,6,,months,40,39.5,19,18.7,,,,,,,,,,,,,,,,,,,,,,,,,,,,,,,,
423133,2040,30,30.45,,C,,1,,0,,5.7,,,59,59.1,,,,,,,,,,,,,,,,,,,,,,,,,,,,,,,,,,,,,,,,
423133,2039,30,30.45,,C,,1,,0,,5.6,,,61,60.9,,,,,,,,,,,,,,,,,,,,,,,,,,,,,,,,,,,,,,,,
263276,398,,,,C,,1,,0,,3.7,,,,,,,,,43,42.98,18,17.58,,,,,,,,,,,,,,,,,,,,,,,,,,,,,,,,
263276,397,,,,C,,1,,0,,6.6,,,,,,,,,44,44.07,17,17.38,,,,,,,,,,,,,,,,,,,,,,,,,,,,,,,,
423111,2072,,,,PP,,0,,1,,8,,,,,,,,,58,57.5,20,19.6,,,,,,,,,,,,,,,,,,,,,,,,,,,,,,,,
423111,2071,,,,PP,,0,,1,,20,,,,,,,,,56,56.3,18,18.5,,,,,,,,,,,,,,,,,,,,,,,,,,,,,,,,
423111,2070,,,,PP,,0,,1,,45,,,,,,,,,56,56.1,19,18.6,,,,,,,,,,,,,,,,,,,,,,,,,,,,,,,,
252899,56,,156.6,,NCS,,0,,0,,36,,,,,,3,,years,,,,,,,,,,,,,,,,,,,,,,,,,,,,,,,,,,,,
252899,57,,156.6,,NCS,,0,,0,,14,,,,,,3,,years,,,,,,,,,,,,,,,,,,,,,,,,,,,,,,,,,,,,
263171,282,26,26.1,,C,,1,,0,,9.3,,,,,,,,,42,42.3,10,9.8,,,,,,,,,,,,,,,,,,,,,,,,,,,,,,,,
263171,281,26,26.1,,C,,1,,0,,21.5,,,,,,,,,40,40.3,,,,,,,,,,,,,,,,,,,,,,,,,,,,,,,,,,
437458,2225,13,8,,PP,,0,,1,,64.7,,,61,60.9,,8,,weeks,45,45.24,19,18.85,,,,,,,,,,,,,,,,,,,,,,,,,,,,,,,,
437458,2226,13,8,,PP,,0,,1,,45.9,,,63,63.3,,8,,weeks,45,44.61,19,19.33,,,,,,,,,,,,,,,,,,,,,,,,,,,,,,,,
437458,2227,13,13.05,,PP,,0,,1,,5.4,,,59,58.9,,,,,47,47.07,19,19.03,,,,,,,,,,,,,,,,,,,,,,,,,,,,,,,,
252901,59,,52.2,,PP,,0,,1,,16,0,1,,,,12,,months,,,,,,,,,,,,,,,,,,,,,,,,,,,,,,,,,,,,
252901,58,,52.2,,PP,,0,,1,,19,0,1,,,,12,,months,,,,,,,,,,,,,,,,,,,,,,,,,,,,,,,,,,,,
252901,60,,52.2,,PP,,0,,1,,14,0,1,,,,12,,months,,,,,,,,,,,,,,,,,,,,,,,,,,,,,,,,,,,,
252901,61,,52.2,,PP,,0,,1,,10,0,1,,,,12,,months,,,,,,,,,,,,,,,,,,,,,,,,,,,,,,,,,,,,
437454,2193,4,4.35,,C,,1,,0,,60,,,,,,,,,38,37.9,17,16.7,,,,,,,,,,,,,,,,,,,,,,,,,,,,,,,,
437454,2194,4,4.35,,C,,1,,0,,52.4,,,5,4.8,,,,,33,32.9,13,12.9,,,,,,,,,,,,,,,,,,,,,,,,,,,,,,,,
263266,385,26,26.1,,C,,1,,0,,1.9,,,,,,,,,38,38.1,22,22.2,,,,,,,,,,,,,,,,,,,,,,,,,,,,,,,,
263266,386,26,26.1,,C,,1,,0,,0,,,,,,,,,37,37.2,24,23.7,,,,,,,,,,,,,,,,,,,,,,,,,,,,,,,,
252976,27,,12,,C,,1,,0,,18.8,0,1,,,,12,,weeks,,,21,20.6,,,,,,,,,,,,,,,,,,,,,,,,,,,,,,,,
252976,28,,12,,C,,1,,0,,18.5,0,1,,,,12,,weeks,46,46.1,21,20.8,,,,,,,,,,,,,,,,,,,,,,,,,,,,,,,,
252976,29,,12,,C,,1,,0,,10.5,0,1,,,,12,,weeks,46,45.9,20,20.5,,,,,,,,,,,,,,,,,,,,,,,,,,,,,,,,
252976,24,,12,,C,,1,,0,,13.7,0,1,,,,12,,weeks,47,46.7,20,20.5,,,,,,,,,,,,,,,,,,,,,,,,,,,,,,,,
252976,25,,12,,C,,1,,0,,13,0,1,,,,12,,weeks,48,47.6,21,20.8,,,,,,,,,,,,,,,,,,,,,,,,,,,,,,,,
252976,30,,12,,C,,1,,0,,25.5,0,1,,,,12,,weeks,46,45.8,21,20.8,,,,,,,,,,,,,,,,,,,,,,,,,,,,,,,,
252976,23,,12,,C,,1,,0,,18.3,0,1,,,,12,,weeks,47,47.2,21,20.6,,,,,,,,,,,,,,,,,,,,,,,,,,,,,,,,
252976,26,,12,,C,,1,,0,,8.3,0,1,,,,12,,weeks,47,46.9,21,20.7,,,,,,,,,,,,,,,,,,,,,,,,,,,,,,,,
423119,2111,,26.1,,PP,,0,,1,,46,0,1,,11.5,,6,,months,,49.73,,14.38,0,1,0,1,0,1,0,1,0,1,0,1,0,1,0,1,0,1,0,1,0,1,,USA,,26,,,,,,
423119,2112,,26.1,,PP,,0,,1,,5,0,1,,18.5,,6,,months,,51.22,,15.39,,,0,1,,,,,0,1,0,1,0,1,,,,,,,0,1,,USA,,27,,,,,,
252984,21,,,,C,,1,,0,,8,0,1,,,,na,,,27,27.2,,,,,,,,,,,,,,,,,,,,,,,,,,,,,,1,,,,
252984,22,,,,C,,1,,0,,6,0,1,,,,na,,,28,27.8,,,,,,,,,,,,,,,,,,,,,,,,,,,,,,1,,,,
263185,290,26,26.1,,PP,,0,,1,,25,,,,,,,,,45,45.4,,,,,,,,,,,,,,,,,,,,,,,,,,,,,,,,,,
263185,291,26,26.1,,PP,,0,,1,,24,,,,,,,,,45,45.4,,,,,,,,,,,,,,,,,,,,,,,,,,,,,,,,,,
436364,2659,26,26.1,,C,,1,,0,,4.5,,,,,,,,,,,,,,,,,,,,,,,,,,,,,,,,,,,,,,,,,,,,
436364,2660,26,26.1,,C,,1,,0,,0,,,,,,,,,,,,,,,,,,,,,,,,,,,,,,,,,,,,,,,,,,,,
263102,177,,,,PP,,0,,1,,40,,,,,,,,,44,43.7,22,22.2,,,,,,,,,,,,,,,,,,,,,,,,,,,,,,,,
263102,178,,,,PP,,0,,1,,0,,,,,,,,,42,41.7,26,25.7,,,,,,,,,,,,,,,,,,,,,,,,,,,,,,,,
437441,2213,26,26.1,,PP,,0,,1,,44.4,,,,,,,,,45,45.4,13,13.2,,,,,,,,,,,,,,,,,,,,,,,,,,,,,,,,
437441,2212,26,26.1,,PP,,0,,1,,25,,,,,,,,,,,16,15.7,,,,,,,,,,,,,,,,,,,,,,,,,,,,,,,,
437441,2211,26,26.1,,PP,,0,,1,,37.5,,,,,,,,,41,40.7,12,11.5,,,,,,,,,,,,,,,,,,,,,,,,,,,,,,,,
319590,653,,,,PP,,0,,1,,16,,,,,,,,,17,17.32,15,15.12,,,,,,,,,,,,,,,,,,,,,,,,,,,,,,,,
319590,654,,,,PP,,0,,1,,21,,,,,,,,,17,17.32,16,15.65,,,,,,,,,,,,,,,,,,,,,,,,,,,,,,,,
423251,2136,9,8.7,,PP,,0,,1,,13,,,,,,,,,42,41.5,,,,,,,,,,,,,,,,,,,,,,,,,,,,,,,,,,
423251,2137,9,8.7,,PP,,0,,1,,8,,,,,,,,,42,41.6,,,,,,,,,,,,,,,,,,,,,,,,,,,,,,,,,,
263274,396,,52.2,,PP,,0,,1,,7.1,,,,,,12,,months,,,19,19.4,,,,,,,,,,,,,,,,,,,,,,,,,,,,,,,,
263274,395,,52.2,,PP,,0,,1,,12.2,,,,,,12,,months,,,17,17.2,,,,,,,,,,,,,,,,,,,,,,,,,,,,,,,,
263164,272,26,26.1,,PP,,0,,1,,2.8,,,61,61.1,,,,,44,44.5,17,16.8,,,,,,,,,,,,,,,,,,,,,,,,,,,,,,,,
263164,274,26,26.1,,PP,,0,,1,,5.9,,,59,58.8,,,,,,,19,19.3,,,,,,,,,,,,,,,,,,,,,,,,,,,,,,,,
263164,273,26,26.1,,PP,,0,,1,,10.7,,,64,64.3,,,,,46,45.8,15,14.7,,,,,,,,,,,,,,,,,,,,,,,,,,,,,,,,
263244,357,52,52.2,,PP,,0,,1,,24.9,,,46,46.4,,,,,52,51.5,,,,,,,,,,,,,,,,,,,,,,,,,,,,,,,,,,
263244,358,52,52.2,,PP,,0,,1,,22.1,,,,,,,,,51,50.7,,,,,,,,,,,,,,,,,,,,,,,,,,,,,,,,,,
423129,1957,26,26.1,,PP,,0,,1,,11,,,,,,,,,47,46.7,15,14.6,,,,,,,,,,,,,,,,,,,,,,,,,,,,,,,,
423129,1958,26,26.1,,PP,,0,,1,,7,,,,,,,,,,,14,14.2,,,,,,,,,,,,,,,,,,,,,,,,,,,,,,,,
437478,2275,30,30.45,,C,,1,,0,,10.3,,,,,,,,,,,17,17.4,,,,,,,,,,,,,,,,,,,,,,,,,,,,,,,,
437478,2274,30,30.45,,C,,1,,0,,13.2,,,68,67.7,,,,,46,46.5,17,17.1,,,,,,,,,,,,,,,,,,,,,,,,,,,,,,,,
437478,2276,30,30.45,,C,,1,,0,,9,,,67,67.2,,,,,46,46.1,18,17.7,,,,,,,,,,,,,,,,,,,,,,,,,,,,,,,,
263070,136,,52.2,,PP,,0,,1,,28,0,1,69,68.7,,12,,months,40,39.6,,,,,,,,,,,,,,,,,,,,,,,,,,,,,,,,,,
263070,135,,52.2,,PP,,0,,1,,29,0,1,69,68.7,,12,,months,40,39.6,,,,,,,,,,,,,,,,,,,,,,,,,,,,,,,,,,
263082,162,26,26.1,,C,,1,,0,,12.7,,,38,37.5,,,,,57,57.25,,,,,,,,,,,,,,,,,,,,,,,,,,,,,,,,,,
263082,161,26,26.1,,C,,1,,0,,24.5,,,20,19.6,,,,,56,56.5,,,,,,,,,,,,,,,,,,,,,,,,,,,,,,,,,,
263082,160,26,26.1,,C,,1,,0,,24.5,,,23,23.2,,,,,,,,,,,,,,,,,,,,,,,,,,,,,,,,,,,,,,,,
321120,716,52,52.2,,C,,1,,0,,2,,,,,,,,,,,,,,,,,,,,,,,,,,,,,,,,,,,,,,,,,,,,
321120,715,52,52.2,,C,,1,,0,,6,,,,,,,,,,,,,,,,,,,,,,,,,,,,,,,,,,,,,,,,,,,,
296258,459,52,52.2,,C,,1,,0,,1.6,,,55,55.3,,,,,41,40.7,17,17.3,,,,,,,,,,,,,,,,,,,,,,,,,,,,,,,,
296258,458,52,52.2,,C,,1,,0,,4.4,,,55,55.3,,,,,41,40.7,18,17.6,,,,,,,,,,,,,,,,,,,,,,,,,,,,,,,,
321144,740,26,26.1,,PP,,0,,1,,10.3,,,,,,,,,,,,,,,,,,,,,,,,,,,,,,,,,,,,,,,,,,,,
321144,739,26,26.1,,PP,,0,,1,,13.8,,,,,,,,,,,,,,,,,,,,,,,,,,,,,,,,,,,,,,,,,,,,
437480,2278,,,,C,,1,,0,,8,,,,,,,,,45,45.1,16,16.2,,,,,,,,,,,,,,,,,,,,,,,,,,,,,,,,
437480,2277,,,,C,,1,,0,,48,,,,,,,,,48,48.1,16,15.6,,,,,,,,,,,,,,,,,,,,,,,,,,,,,,,,
437455,2208,,,,PP,,0,,1,,30.3,,,,,,,,,55,55.3,,,,,,,,,,,,,,,,,,,,,,,,,,,,,,,,,,
437455,2207,,,,PP,,0,,1,,66.7,,,6,6.1,,,,,57,56.6,,,,,,,,,,,,,,,,,,,,,,,,,,,,,,,,,,
263085,165,4,4.35,,PP,,0,,1,,5,,,,,,,,,58,57.8,,,,,,,,,,,,,,,,,,,,,,,,,,,,,,,,,,
263085,166,4,4.35,,PP,,0,,1,,10,,,,,,,,,,,,,,,,,,,,,,,,,,,,,,,,,,,,,,,,,,,,
423125,1948,,,,C,,1,,0,,25.5,,,,,,,,,47,47.3,19,19.3,,,,,,,,,,,,,,,,,,,,,,,,,,,,,,,,
423125,1949,,,,C,,1,,0,,28.8,,,,,,,,,49,48.7,19,18.7,,,,,,,,,,,,,,,,,,,,,,,,,,,,,,,,
263071,137,,52.2,,PP,,0,,1,,17.1,0,1,54,54.3,,12,,months,57,56.9,20,20.5,,,,,,,,,,,,,,,,,,,,,,,,,,,,,,,,
263071,138,,52.2,,PP,,0,,1,,10.4,0,1,54,54.3,,12,,months,58,57.5,22,21.6,,,,,,,,,,,,,,,,,,,,,,,,,,,,,,,,
437566,2607,26,26.1,,C,,1,,0,,1,,,,,,,,,,,,,,,,,,,,,,,,,,,,,,,,,,,,,,,,,,,,
437566,2608,26,26.1,,C,,1,,0,,1.4,,,,,,,,,,,,,,,,,,,,,,,,,,,,,,,,,,,,,,,,,,,,
263125,209,78,78.3,,PP,,0,,1,,18.4,,,68,68.1,,,,,42,41.5,16,15.8,,,,,,,,,,,,,,,,,,,,,,,,,,,,,,,,
263125,210,78,78.3,,PP,,0,,1,,13.21,,,71,71.1,,,,,42,42.2,15,15.3,,,,,,,,,,,,,,,,,,,,,,,,,,,,,,,,
296332,412,,,,C,,1,,0,,7.7,,,53,52.7,,,,,43,42.9,,,,,,,,,,,,,,,,,,,,,,,,,,,,,,,,,,
296332,411,,,,C,,1,,0,,6.6,,,50,50.2,,,,,44,44.3,,,,,,,,,,,,,,,,,,,,,,,,,,,,,,,,,,
423042,2020,52,52.2,,C,,1,,0,,15.1,,,,,,,,,48,48.1,,,,,,,,,,,,,,,,,,,,,,,,,,,,,,,,,,
423042,2021,52,52.2,,C,,1,,0,,26.7,,,,,,,,,48,47.8,,,,,,,,,,,,,,,,,,,,,,,,,,,,,,,,,,
423042,2022,52,52.2,,C,,1,,0,,18.8,,,,,,,,,48,48.1,,,,,,,,,,,,,,,,,,,,,,,,,,,,,,,,,,
436358,2654,26,26.1,,PP,,0,,1,,12.1,,,,,,,,,40,39.7,16,16.2,,,,,,,,,,,,,,,,,,,,,,,,,,,,,,,,
436358,2653,26,26.1,,PP,,0,,1,,9.8,,,,,,,,,43,43.3,,,,,,,,,,,,,,,,,,,,,,,,,,,,,,,,,,
437562,2799,,,,PP,,0,,1,,5,,,,,,,,,38,38.4,2,1.9,,,,,,,,,,,,,,,,,,,,,,,,,,,,,,,,
437562,2798,,,,PP,,0,,1,,10.2,,,,,,,,,37,37.4,2,1.9,,,,,,,,,,,,,,,,,,,,,,,,,,,,,,,,
252911,85,,26.1,,PP,,0,,1,,12,0,1,,,,6,,months,44,43.5,13,13.3,,,,,,,,,,,,,,,,,,,,,,,,,,,,,,,,
252911,86,,26.1,,PP,,0,,1,,8,0,1,,,,6,,months,43,42.8,14,14.4,,,,,,,,,,,,,,,,,,,,,,,,,,,,,,,,
296419,869,61,60.9,,C,,1,,0,,1.6,,,,,,,,,40,39.7,20,20.3,,,,,,,,,,,,,,,,,,,,,,,,,,,,,,,,
296419,792,61,60.9,,C,,1,,0,,3.3,,,,,,,,,40,39.7,20,20.3,,,,,,,,,,,,,,,,,,,,,,,,,,,,,,,,
296419,793,61,60.9,,C,,1,,0,,2.4,,,,,,,,,40,39.7,20,20.3,,,,,,,,,,,,,,,,,,,,,,,,,,,,,,,,
296419,791,61,60.9,,C,,1,,0,,4.8,,,,,,,,,40,39.7,20,20.3,,,,,,,,,,,,,,,,,,,,,,,,,,,,,,,,
263231,343,44,43.5,,PP,,0,,1,,10.1,,,,,,,,,23,22.9,13,12.9,,,,,,,,,,,,,,,,,,,,,,,,,,,,,,,,
263231,342,44,43.5,,PP,,0,,1,,16.6,,,,,,,,,23,22.8,,,,,,,,,,,,,,,,,,,,,,,,,,,,,,,,,,
263104,179,104,104.4,,PP,,0,,1,,14.8,,,60,60.2,,,,,46,46.4,23,22.9,,,,,,,,,,,,,,,,,,,,,,,,,,,,,,,,
263104,181,104,104.4,,PP,,0,,1,,13.5,,,58,57.6,,,,,47,47.1,24,24.3,,,,,,,,,,,,,,,,,,,,,,,,,,,,,,,,
263104,180,104,104.4,,PP,,0,,1,,14.7,,,58,57.8,,,,,48,48.2,24,23.8,,,,,,,,,,,,,,,,,,,,,,,,,,,,,,,,
319582,635,17,17.4,,NCS,,0,,0,,2.04,,,,,,,,,16,16.08,5,4.91,,,,,,,,,,,,,,,,,,,,,,,,,,,,,,,,
319582,634,17,17.4,,NCS,,0,,0,,20.75,,,13,12.82,,,,,16,16.05,5,5.1,,,,,,,,,,,,,,,,,,,,,,,,,,,,,,,,
437476,2601,17,4,,PP,,0,,1,,61,,,,,,4,,weeks,42,41.67,17,17.09,,,,,,,,,,,,,,,,,,,,,,,,,,,,,,,,
437476,2602,17,4,,PP,,0,,1,,61,,,,,,4,,weeks,43,42.78,17,17.43,,,,,,,,,,,,,,,,,,,,,,,,,,,,,,,,
319574,623,26,26.1,,PP,,0,,1,,9,,,,,,,,,16,16.3,10,10.5,,,,,,,,,,,,,,,,,,,,,,,,,,,,,,,,
319574,624,26,26.1,,PP,,0,,1,,2,,,,,,,,,16,16.3,10,10.5,,,,,,,,,,,,,,,,,,,,,,,,,,,,,,,,
263040,102,52,52.2,,PP,,0,,1,,4,,,,,,,,,44,44.3,25,25.1,,,,,,,,,,,,,,,,,,,,,,,,,,,,,,,,
263040,104,52,52.2,,PP,,0,,1,,4,,,,,,,,,44,44.2,24,24.2,,,,,,,,,,,,,,,,,,,,,,,,,,,,,,,,
263040,103,52,52.2,,PP,,0,,1,,10,,,,,,,,,43,43.3,,,,,,,,,,,,,,,,,,,,,,,,,,,,,,,,,,
263040,105,52,52.2,,PP,,0,,1,,5,,,,,,,,,45,44.7,24,24.5,,,,,,,,,,,,,,,,,,,,,,,,,,,,,,,,
437559,2348,,,,NCS,,0,,0,,32.4,,,,,,,,,34,34.23,,,,,,,,,,,,,,,,,,,,,,,,,,,,,,,,,,
437559,2347,,,,NCS,,0,,0,,47.8,,,,,,,,,35,34.9,,,,,,,,,,,,,,,,,,,,,,,,,,,,,,,,,,
423065,2011,26,26.1,,PP,,0,,1,,9,,,13,12.7,,,,,,,,,,,,,,,,,,,,,,,,,,,,,,,,,,,,,,,,
423065,2013,26,26.1,,PP,,0,,1,,10.6,,,17,16.9,,,,,45,44.9,,,,,,,,,,,,,,,,,,,,,,,,,,,,,,,,,,
423065,2012,26,26.1,,PP,,0,,1,,8.3,,,21,21.3,,,,,44,44.1,,,,,,,,,,,,,,,,,,,,,,,,,,,,,,,,,,
437578,2795,,,,PP,,0,,1,,30.3,,,,,,,,,44,44.5,,,,,,,,,,,,,,,,,,,,,,,,,,,,,,,,,,
437578,2794,,,,PP,,0,,1,,31.1,,,,,,,,,47,46.6,17,17.4,,,,,,,,,,,,,,,,,,,,,,,,,,,,,,,,
437499,2182,26,26.1,,PP,,0,,1,,2,,,,,,,,,,,,,,,,,,,,,,,,,,,,,,,,,,,,,,,,,,,,
437499,2181,26,26.1,,PP,,0,,1,,2,,,,,,,,,,,,,,,,,,,,,,,,,,,,,,,,,,,,,,,,,,,,
296289,760,52,52.2,,PP,,0,,1,,24,,,,,,,,,28,27.8,5,4.8,,,,,,,,,,,,,,,,,,,,,,,,,,,,1,,2,,
296289,759,52,52.2,,PP,,0,,1,,23,,,,,,,,,28,27.5,5,4.7,,,,,,,,,,,,,,,,,,,,,,,,,,,,1,,2,,
296289,758,52,52.2,,PP,,0,,1,,25,,,,,,,,,28,27.7,5,4.9,,,,,,,,,,,,,,,,,,,,,,,,,,,,1,,2,,
252912,9,,26.1,,NCS,,0,,0,,14,0,1,,,,6,,months,,,,,,,,,,,,,,,,,,,,,,,,,,,,,,,,,,,,
252912,10,,26.1,,NCS,,0,,0,,9,0,1,,,,6,,months,,,,,,,,,,,,,,,,,,,,,,,,,,,,,,,,,,,,
321085,683,26,26.1,,NCS,,0,,0,,38.5,,,54,53.8,,,,,46,46.3,,,,,,,,,,,,,,,,,,,,,,,,,,,,,,,,,,
321085,682,26,26.1,,NCS,,0,,0,,50.8,,,69,68.8,,,,,,,,,,,,,,,,,,,,,,,,,,,,,,,,,,,,,,,,
296351,426,26,26.1,,NCS,,0,,0,,40.8,,,24,23.5,,,,,61,60.9,,,,,,,,,,,,,,,,,,,,,,,,,,,,,,,,,,
296351,425,26,26.1,,NCS,,0,,0,,60,,,15,15.4,,,,,60,59.5,,,,,,,,,,,,,,,,,,,,,,,,,,,,,,,,,,
263291,410,26,26.1,,C,,1,,0,,3,,,,,,,,,53,53.2,15,14.9,,,,,,,,,,,,,,,,,,,,,,,,,,,,,,,,
263291,409,26,26.1,,C,,1,,0,,28.4,,,,,,,,,56,56.4,15,15.4,,,,,,,,,,,,,,,,,,,,,,,,,,,,,,,,
263140,237,26,26.1,,PP,,0,,1,,6.8,,,,,,,,,61,60.7,18,17.5,,,,,,,,,,,,,,,,,,,,,,,,,,,,,,,,
263140,236,26,26.1,,PP,,0,,1,,21.3,,,,,,,,,60,59.8,19,18.8,,,,,,,,,,,,,,,,,,,,,,,,,,,,,,,,
263058,129,,52.2,,C,,1,,0,,3.4,0,1,,,,12,,months,37,37.24,,,,,,,,,,,,,,,,,,,,,,,,,,,,,,,,,,
263058,130,,52.2,,C,,1,,0,,0.7,0,1,,,,12,,months,37,37.24,,,,,,,,,,,,,,,,,,,,,,,,,,,,,,,,,,
437472,2354,13,13.05,,C,,1,,0,,13.9,,,36,35.64,,,,,54,53.96,,,,,,,,,,,,,,,,,,,,,,,,,,,,,,,,,,
437472,2355,13,13.05,,C,,1,,0,,14.4,,,43,42.57,,,,,56,55.58,,,,,,,,,,,,,,,,,,,,,,,,,,,,,,,,,,
263289,407,180,25.71,,NCS,,0,,0,,44,,,,,,180,,days,35,35.25,,,,,,,,,,,,,,,,,,,,,,,,,,,,,,,,,,
263289,408,180,25.71,,NCS,,0,,0,,27.4,,,,,,180,,days,37,37.19,,,,,,,,,,,,,,,,,,,,,,,,,,,,,,,,,,
423120,2103,,26.1,,PP,,0,,1,,27,0,1,,,,6,,months,,,,,,,,,,,,,,,,,,,,,,,,,,,,,,,,,,,,
423120,2104,,26.1,,PP,,0,,1,,40,0,1,,,,6,,months,,,,,,,,,,,,,,,,,,,,,,,,,,,,,,,,,,,,
296383,761,52,52.2,,C,,1,,0,,6.1,,,,,,,,,,,24,23.6,,,,,,,,,,,,,,,,,,,,,,,,,,,,,,,,
296383,762,52,52.2,,C,,1,,0,,4.6,,,,,,,,,,,22,22.5,,,,,,,,,,,,,,,,,,,,,,,,,,,,,,,,
296383,763,52,52.2,,C,,1,,0,,4,,,,,,,,,,,22,22.5,,,,,,,,,,,,,,,,,,,,,,,,,,,,,,,,
437442,2188,26,26.1,,PP,,0,,1,,16,,,,,,,,,53,53.3,,,,,,,,,,,,,,,,,,,,,,,,,,,,,,,,,,
437442,2187,26,26.1,,PP,,0,,1,,13,,,,,,,,,43,43.1,14,13.9,,,,,,,,,,,,,,,,,,,,,,,,,,,,,,,,
296422,797,26,26.1,,PP,,0,,1,,5.5,,,63,62.8,,,,,42,41.7,22,21.5,,,,,,,,,,,,,,,,,,,,,,,,,,,,,,,,
296422,796,26,26.1,,PP,,0,,1,,3.5,,,63,62.8,,,,,42,41.7,22,21.5,,,,,,,,,,,,,,,,,,,,,,,,,,,,,,,,
296422,794,26,26.1,,PP,,0,,1,,3.2,,,63,62.8,,,,,42,41.7,22,21.5,,,,,,,,,,,,,,,,,,,,,,,,,,,,,,,,
296422,795,26,26.1,,PP,,0,,1,,4.4,,,63,62.8,,,,,42,41.7,22,21.5,,,,,,,,,,,,,,,,,,,,,,,,,,,,,,,,
437503,2200,,,,PP,,0,,1,,4.7,,,16,15.8,,,,,50,49.9,12,12.3,,,,,,,,,,,,,,,,,,,,,,,,,,,,,,,,
437503,2201,,,,PP,,0,,1,,4.3,,,,,,,,,48,48.4,13,12.7,,,,,,,,,,,,,,,,,,,,,,,,,,,,,,,,
436365,2663,,,,PP,,0,,1,,5.7,,,19,18.9,,,,,47,46.64,15,15.1,,,,,,,,,,,,,,,,,,,,,,,,,,,,,,,,
436365,2661,,,,PP,,0,,1,,15.7,,,18,17.6,,,,,48,47.76,15,15.3,,,,,,,,,,,,,,,,,,,,,,,,,,,,,,,,
436365,2662,,,,PP,,0,,1,,3.7,,,18,18.5,,,,,,,14,14.2,,,,,,,,,,,,,,,,,,,,,,,,,,,,,,,,
263132,226,52,52.2,,C,,1,,0,,36.4,,,,,,,,,,,,,,,,,,,,,,,,,,,,,,,,,,,,,,,,,,,,
263132,227,52,52.2,,C,,1,,0,,13,,,,,,,,,,,,,,,,,,,,,,,,,,,,,,,,,,,,,,,,,,,,
437463,2285,52,52.2,,C,,1,,0,,1.4,,,,,,,,,42,41.5,19,18.7,,,,,,,,,,,,,,,,,,,,,,,,,,,,,,,,
437463,2287,52,52.2,,C,,1,,0,,0.9,,,52,51.6,,,,,41,41.4,19,19.2,,,,,,,,,,,,,,,,,,,,,,,,,,,,,,,,
437463,2286,52,52.2,,C,,1,,0,,1.4,,,51,51.4,,,,,43,43.4,19,19.4,,,,,,,,,,,,,,,,,,,,,,,,,,,,,,,,
423087,1929,13,13.05,,PP,,0,,1,,14.4,,,,,,,,,,,,,,,,,,,,,,,,,,,,,,,,,,,,,,,,,,,,
423087,1928,13,13.05,,PP,,0,,1,,20.3,,,,,,,,,,,,,,,,,,,,,,,,,,,,,,,,,,,,,,,,,,,,
296300,537,26,26.1,,PP,,0,,1,,9.1,,,64,63.6,,,,,,,,,,,,,,,,,,,,,,,,,,,,,,,United Kingdom,United States,,,,,,,,
296300,536,26,26.1,,PP,,0,,1,,10.1,,,64,63.6,,,,,,,,,,,,,,,,,,,,,,,,,,,,,,,United Kingdom,United States,,,,,,,,
319601,672,,day after fi nishing treatment,,C,,1,,0,,14.8,,,59,59.3,,na,,,17,16.56,,,,,,,,,,,,,,,,,,,,,,,,,,,,,,,,,,
319601,673,,day after fi nishing treatment,,C,,1,,0,,13.1,,,46,45.9,,na,,,17,16.7,,,,,,,,,,,,,,,,,,,,,,,,,,,,,,,,,,
263162,267,52,52.2,,C,,1,,0,,2.8,,,55,55.4,,,,,,,,,,,,,,,,,,,,,,,,,,,,,,,,,,,,,,,,
263162,268,52,52.2,,C,,1,,0,,4,,,48,48.4,,,,,,,,,,,,,,,,,,,,,,,,,,,,,,,,,,,,,,,,
296432,817,52,52.2,,PP,,0,,1,,2.3,,,62,61.6,,,,,40,40.4,18,17.8,,,,,,,,,,,,,,,,,,,,,,,,,,,,,,,,
296432,815,52,52.2,,PP,,0,,1,,4.7,,,56,55.9,,,,,40,39.5,18,18.4,,,,,,,,,,,,,,,,,,,,,,,,,,,,,,,,
296432,814,52,52.2,,PP,,0,,1,,4.3,,,59,58.6,,,,,40,40.4,18,18.4,,,,,,,,,,,,,,,,,,,,,,,,,,,,,,,,
296432,816,52,52.2,,PP,,0,,1,,3.4,,,60,59.8,,,,,40,40.3,18,18.4,,,,,,,,,,,,,,,,,,,,,,,,,,,,,,,,
423255,1979,13,13.05,,C,,1,,0,,74,,,,,,,,,43,43.04,25,25.26,,,,,,,,,,,,,,,,,,,,,,,,,,,,,,,,
423255,1980,13,13.05,,C,,1,,0,,45.6,,,,,,,,,45,44.7,28,27.98,,,,,,,,,,,,,,,,,,,,,,,,,,,,,,,,
296260,462,,,,PP,,0,,1,,30.4,,,,,,,,,,,23,22.7,,,,,,,,,,,,,,,,,,,,,,,,,,,,,,,,
296260,463,,,,PP,,0,,1,,9,,,,,,,,,,,23,22.7,,,,,,,,,,,,,,,,,,,,,,,,,,,,,,,,
423073,1992,52,52.2,,PP,,0,,1,,11.9,,,,,,,,,50,49.9,15,15.1,,,,,,,,,,,,,,,,,,,,,,,,,,,,,,,,
423073,1993,52,52.2,,PP,,0,,1,,2.3,,,,,,,,,50,50.1,15,14.9,,,,,,,,,,,,,,,,,,,,,,,,,,,,,,,,
296328,613,57,56.55,,C,,1,,0,,9.1,,,55,55.3,,,,,39,38.6,,,,,,,,,,,,,,,,,,,,,,,,,,,,,,,,,,
296328,614,57,56.55,,C,,1,,0,,6.9,,,58,57.6,,,,,38,37.9,20,20.1,,,,,,,,,,,,,,,,,,,,,,,,,,,,,,,,
437516,2281,,,,PP,,0,,1,,31.3,,,,,,,,,40,40.2,19,19.1,,,,,,,,,,,,,,,,,,,,,,,,,,,,,,,,
437516,2282,,,,PP,,0,,1,,0,,,,,,,,,39,38.8,22,21.6,,,,,,,,,,,,,,,,,,,,,,,,,,,,,,,,
296423,798,100,100.05,,PP,,0,,1,,11.1,,,,,,,,,,,,,,,,,,,,,,,,,,,,,,,,,,,,,,,,,,,,
296423,799,100,100.05,,PP,,0,,1,,10.5,,,,,,,,,,,,,,,,,,,,,,,,,,,,,,,,,,,,,,,,,,,,
296317,585,26,26.1,,PP,,0,,1,,28.7,,,,,,,,,34,33.7,24,23.6,,,,,,,,,,,,,,,,,,,,,,,,,,,,,,,,
296317,586,26,26.1,,PP,,0,,1,,19.5,,,,,,,,,35,34.8,24,23.6,,,,,,,,,,,,,,,,,,,,,,,,,,,,,,,,
437521,2329,13,13.05,,C,,1,,0,,45,,,26,25.5,,,,,22,21.75,,,,,,,,,,,,,,,,,,,,,,,,,,,,,,,,,,
437521,2328,13,13.05,,C,,1,,0,,45,,,23,22.6,,,,,21,20.58,,,,,,,,,,,,,,,,,,,,,,,,,,,,,,,,,,
263200,306,104,104.4,,C,,1,,0,,9,,,,,,,,,56,55.5,,,,,,,,,,,,,,,,,,,,,,,,,,,,,,,,,,
263200,305,104,104.4,,C,,1,,0,,39,,,,,,,,,,,,,,,,,,,,,,,,,,,,,,,,,,,,,,,,,,,,
296474,850,52,52.2,,PP,,0,,1,,13,,,,,,,,,,,,,,,,,,,,,,,,,,,,,,,,,,,,,,,,,,,,
296474,849,52,52.2,,PP,,0,,1,,12,,,,,,,,,,,,,,,,,,,,,,,,,,,,,,,,,,,,,,,,,,,,
423480,1968,52,52.2,,PP,,0,,1,,14.3,,,,,,,,,,,,,,,,,,,,,,,,,,,,,,,,,,,,,,,,,,,,
423480,1969,52,52.2,,PP,,0,,1,,18.5,,,,,,,,,,,,,,,,,,,,,,,,,,,,,,,,,,,,,,,,,,,,
263287,405,52,52.2,,PP,,0,,1,,4.3,,,79,78.6,,,,,,,12,11.7,,,,,,,,,,,,,,,,,,,,,,,,,,,,,,,,
263287,406,52,52.2,,PP,,0,,1,,4.1,,,78,77.9,,,,,31,30.6,10,10.3,,,,,,,,,,,,,,,,,,,,,,,,,,,,,,,,
437445,2191,,,,PP,,0,,1,,40.9,,,36,36.4,,,,,39,39.3,,,,,,,,,,,,,,,,,,,,,,,,,,,,,,,,,,
437445,2192,,,,PP,,0,,1,,23.9,,,41,40.9,,,,,39,39.3,,,,,,,,,,,,,,,,,,,,,,,,,,,,,,,,,,
423131,1961,52,52.2,,PP,,0,,1,,13.3,,,,,,,,,,,22,22.3,,,,,,,,,,,,,,,,,,,,,,,,,,,,,,,,
423131,1962,52,52.2,,PP,,0,,1,,10.7,,,,,,,,,,,21,20.9,,,,,,,,,,,,,,,,,,,,,,,,,,,,,,,,
263165,276,,,,C,,1,,0,,0.77,,,,,,,,,47,47.05,26,25.8,,,,,,,,,,,,,,,,,,,,,,,,,,,,,,,,
263165,275,,,,C,,1,,0,,3.08,,,,,,,,,49,49.39,26,25.8,,,,,,,,,,,,,,,,,,,,,,,,,,,,,,,,
436347,2614,,,,PP,,0,,1,,16.3,,,,,,,,,46,45.5,,,,,,,,,,,,,,,,,,,,,,,,,,,,,,,,,,
436347,2613,,,,PP,,0,,1,,21.1,,,56,55.6,,,,,44,44.4,18,17.6,,,,,,,,,,,,,,,,,,,,,,,,,,,,,,,,
296295,523,52,52.2,,PP,,0,,1,,31.3,,,48,47.5,,,,,47,47.2,14,14.5,,,,,,,,,,,,,,,,,,,,,,,,,,,,,,,,
296295,524,52,52.2,,PP,,0,,1,,17.3,,,38,38.2,,,,,47,47.1,16,16.3,,,,,,,,,,,,,,,,,,,,,,,,,,,,,,,,
423242,2129,52,52.2,,PP,,0,,1,,0.3,,,,,,,,,,,,,,,,,,,,,,,,,,,,,,,,,,,,,,,,,,,,
423242,2128,52,52.2,,PP,,0,,1,,0.3,,,,,,,,,,,,,,,,,,,,,,,,,,,,,,,,,,,,,,,,,,,,
423135,2044,26,26.1,,C,,1,,0,,8.59,,,,,,,,,,,19,19.2,,,,,,,,,,,,,,,,,,,,,,,,,,,,,,,,
423135,2043,26,26.1,,C,,1,,0,,13.41,,,,,,,,,45,45.2,,,,,,,,,,,,,,,,,,,,,,,,,,,,,,,,,,
296471,847,26,26.1,,NCS,,0,,0,,27,,,,,,,,,45,45.25,,,,,,,,,,,,,,,,,,,,,,,,,,,,,,,,,,
296471,848,26,26.1,,NCS,,0,,0,,10,,,,,,,,,45,45.25,,,,,,,,,,,,,,,,,,,,,,,,,,,,,,,,,,
296356,428,26,26.1,,PP,,0,,1,,39,,,,,,,,,,,,,,,,,,,,,,,,,,,,,,,,,,,,,,,,,,,,
296356,427,26,26.1,,PP,,0,,1,,51,,,,,,,,,,,,,,,,,,,,,,,,,,,,,,,,,,,,,,,,,,,,
319580,633,22,21.75,,NCS,,0,,0,,29,,,,,,,,,,,,,,,,,,,,,,,,,,,,,,,,,,,,,,,,,,,,
319580,868,22,21.75,,NCS,,0,,0,,6,,,,,,,,,,,,,,,,,,,,,,,,,,,,,,,,,,,,,,,,,,,,
319580,631,22,21.75,,NCS,,0,,0,,16,,,,,,,,,,,,,,,,,,,,,,,,,,,,,,,,,,,,,,,,,,,,
319580,632,22,21.75,,NCS,,0,,0,,20,,,,,,,,,,,,,,,,,,,,,,,,,,,,,,,,,,,,,,,,,,,,
437575,2679,,,,PP,,0,,1,,43,,,,,,,,,,,,,,,,,,,,,,,,,,,,,,,,,,,,,,,,,,,,
437575,2681,,,,PP,,0,,1,,44,,,,,,,,,,,,,,,,,,,,,,,,,,,,,,,,,,,,,,,,,,,,
437575,2680,,,,PP,,0,,1,,30,,,,,,,,,,,,,,,,,,,,,,,,,,,,,,,,,,,,,,,,,,,,
437567,2611,52,52.2,,NCS,,0,,0,,50,,,,,,,,,59,58.7,,,,,,,,,,,,,,,,,,,,,,,,,,,,,,,,,,
437567,2612,52,52.2,,NCS,,0,,0,,46,,,,,,,,,59,58.7,,,,,,,,,,,,,,,,,,,,,,,,,,,,,,,,,,
263197,302,52,52.2,,PP,,0,,1,,27,,,,,,,,,,,,,,,,,,,,,,,,,,,,,,,,,,,,,,,,,,,,
263197,304,52,52.2,,PP,,0,,1,,20,,,,,,,,,,,,,,,,,,,,,,,,,,,,,,,,,,,,,,,,,,,,
263197,303,52,52.2,,PP,,0,,1,,22,,,,,,,,,,,,,,,,,,,,,,,,,,,,,,,,,,,,,,,,,,,,
263216,322,,,,PP,,0,,1,,5.6,,,,,,,,,44,44.2,19,19.4,,,,,,,,,,,,,,,,,,,,,,,,,,,,,,,,
263216,321,,,,PP,,0,,1,,9.3,,,,,,,,,44,44.5,19,19.1,,,,,,,,,,,,,,,,,,,,,,,,,,,,,,,,
436363,2797,,,,C,,1,,0,,18,,,54,54.1,,,,,37,37.3,20,19.83,,,,,,,,,,,,,,,,,,,,,,,,,,,,,,,,
436363,2796,,,,C,,1,,0,,17,,,54,54.3,,,,,38,37.6,19,19.41,,,,,,,,,,,,,,,,,,,,,,,,,,,,,,,,
423066,2015,26,26.1,,PP,,0,,1,,5,,,5,4.9,,,,,51,50.8,20,20.4,,,,,,,,,,,,,,,,,,,,,,,,,,,,,,,,
423066,2014,26,26.1,,PP,,0,,1,,12,,,2,2.4,,,,,49,48.9,20,20.1,,,,,,,,,,,,,,,,,,,,,,,,,,,,,,,,
296269,480,52,52.2,,C,,1,,0,,9.5,,,64,64.2,,,,,39,39.1,,,,,,,,,,,,,,,,,,,,,,,,,,,,,,,,,,
296269,479,52,52.2,,C,,1,,0,,9.3,,,67,67.2,,,,,40,39.6,,,,,,,,,,,,,,,,,,,,,,,,,,,,,,,,,,
319588,649,52,52.2,,PP,,0,,1,,7,,,,,,,,,,,,,,,,,,,,,,,,,,,,,,,,,,,,,,,,,,,,
319588,648,52,52.2,,PP,,0,,1,,12,,,,,,,,,16,15.6,,,,,,,,,,,,,,,,,,,,,,,,,,,,,,,,,,
319588,650,52,52.2,,PP,,0,,1,,6,,,,,,,,,16,15.9,,,,,,,,,,,,,,,,,,,,,,,,,,,,,,,,,,
319588,647,52,52.2,,PP,,0,,1,,9,,,,,,,,,16,15.9,,,,,,,,,,,,,,,,,,,,,,,,,,,,,,,,,,
296454,833,26,26.1,,PP,,0,,1,,14.4,,,65,65.2,,,,,43,43.1,,,,,,,,,,,,,,,,,,,,,,,,,,,,,,,,,,
296454,832,26,26.1,,PP,,0,,1,,18,,,55,55.2,,,,,43,42.8,18,17.9,,,,,,,,,,,,,,,,,,,,,,,,,,,,,,,,
423478,1963,26,26.1,,PP,,0,,1,,23.6,,,17,16.9,,,,,55,54.6,,,,,,,,,,,,,,,,,,,,,,,,,,,,,,,,,,
423478,1964,26,26.1,,PP,,0,,1,,23.3,,,10,10.5,,,,,57,56.6,,,,,,,,,,,,,,,,,,,,,,,,,,,,,,,,,,
423112,2074,,,,PP,,0,,1,,42.3,,,36,35.5,,,,,57,57.1,17,16.9,,,,,,,,,,,,,,,,,,,,,,,,,,,,,,,,
423112,2073,,,,PP,,0,,1,,45.8,,,18,17.9,,,,,54,53.9,16,15.8,,,,,,,,,,,,,,,,,,,,,,,,,,,,,,,,
263067,133,,26.1,,PP,,0,,1,,71.7,0,1,,,,6,,months,48,48.22,13,13.08,,,,,,,,,,,,,,,,,,,,,,,,,,,,,,,,
263067,134,,26.1,,PP,,0,,1,,48.6,0,1,3,2.7,,6,,months,48,48.3,15,14.54,,,,,,,,,,,,,,,,,,,,,,,,,,,,,,,,
296357,430,22,21.75,,C,,1,,0,,9,,,,,,,,,53,53.1,,,,,,,,,,,,,,,,,,,,,,,,,,,,,,,,,,
296357,429,22,21.75,,C,,1,,0,,14,,,,,,,,,52,51.6,,,,,,,,,,,,,,,,,,,,,,,,,,,,,,,,,,
296296,525,52,52.2,,C,,1,,0,,27,,,,,,,,,37,36.7,27,27.3,,,,,,,,,,,,,,,,,,,,,,,,,,,,,,,,
296296,526,52,52.2,,C,,1,,0,,14,,,,,,,,,35,35.1,,,,,,,,,,,,,,,,,,,,,,,,,,,,,,,,,,
423238,2120,22,21.75,,PP,,0,,1,,15.4,,,,,,,,,,,8,7.6,,,,,,,,,,,,,,,,,,,,,,,,,,,,1,,,,
423238,2119,22,21.75,,PP,,0,,1,,30.5,,,,,,,,,,,8,7.6,,,,,,,,,,,,,,,,,,,,,,,,,,,,1,,,,
263239,353,13,13.05,,PP,,0,,1,,10,,,,,,,,,29,28.9,10,10.4,,,,,,,,,,,,,,,,,,,,,,,,,,,,1,,,,
263239,354,13,13.05,,PP,,0,,1,,7.5,,,,,,,,,28,28.1,,,,,,,,,,,,,,,,,,,,,,,,,,,,,,1,,,,
437532,2291,,13.05,,PP,,0,,1,,23.1,,,20,20.3,,3,,months,39,39.4,14,13.8,,,,,,,,,,,,,,,,,,,,,,,,,,,,,,,,
437532,2290,,13.05,,PP,,0,,1,,19.2,,,23,22.8,,3,,months,39,38.6,12,12.1,,,,,,,,,,,,,,,,,,,,,,,,,,,,,,,,
263272,393,39,39.15,,C,,1,,0,,14.7,,,,,,,,,46,45.5,20,20.1,,,,,,,,,,,,,,,,,,,,,,,,,,,,,,,,
263272,394,39,39.15,,C,,1,,0,,5,,,,,,,,,44,44.4,20,19.7,,,,,,,,,,,,,,,,,,,,,,,,,,,,,,,,
263238,351,52,52.2,,PP,,0,,1,,11.2,,,45,45.4,,,,,42,41.7,22,22.3,,,,,,,,,,,,,,,,,,,,,,,,,,,,,,,,
263238,352,52,52.2,,PP,,0,,1,,13.9,,,,,,,,,41,41.2,23,22.7,,,,,,,,,,,,,,,,,,,,,,,,,,,,,,,,
296316,583,26,26.1,,PP,,0,,1,,20,,,,,,,,,33,32.9,,,,,,,,,,,,,,,,,,,,,,,,,,,,,,,,,,
296316,584,26,26.1,,PP,,0,,1,,15,,,,,,,,,33,33.2,,,,,,,,,,,,,,,,,,,,,,,,,,,,,,,,,,
321099,698,52,52.2,,PP,,0,,1,,2,,,,,,,,,31,30.87,6,5.53,,,,,,,,,,,,,,,,,,,,,,,,,,,,,,,,
321099,696,52,52.2,,PP,,0,,1,,38.7,,,,,,,,,31,30.93,26,25.67,,,,,,,,,,,,,,,,,,,,,,,,,,,,,,,,
321099,697,52,52.2,,PP,,0,,1,,15.1,,,,,,,,,35,35.45,26,25.8,,,,,,,,,,,,,,,,,,,,,,,,,,,,,,,,
321099,695,52,52.2,,PP,,0,,1,,48,,,,,,,,,32,32.48,25,25.04,,,,,,,,,,,,,,,,,,,,,,,,,,,,,,,,
321099,694,52,52.2,,PP,,0,,1,,16,,,,,,,,,,,29,29.44,,,,,,,,,,,,,,,,,,,,,,,,,,,,,,,,
423105,2058,26,26.1,,C,,1,,0,,21,,,,,,,,,,,16,16.4,,,,,,,,,,,,,,,,,,,,,,,,,,,,,,,,
423105,2057,26,26.1,,C,,1,,0,,26,,,,,,,,,,,17,16.6,,,,,,,,,,,,,,,,,,,,,,,,,,,,,,,,
296337,416,26,26.1,,NCS,,0,,0,,2.3,,,,,,,,,56,55.8,20,19.8,,,,,,,,,,,,,,,,,,,,,,,,,,,,,,,,
296337,415,26,26.1,,NCS,,0,,0,,17,,,,,,,,,54,54.4,20,19.9,,,,,,,,,,,,,,,,,,,,,,,,,,,,,,,,
263281,402,52,52.2,,C,,1,,0,,0,,,,,,,,,60,60.4,20,20.1,,,,,,,,,,,,,,,,,,,,,,,,,,,,,,,,
263281,1032,52,52.2,,C,,1,,0,,0,,,,,,,,,61,61.4,18,17.5,,,,,,,,,,,,,,,,,,,,,,,,,,,,,,,,
263281,401,52,52.2,,C,,1,,0,,0,,,,,,,,,,,21,20.8,,,,,,,,,,,,,,,,,,,,,,,,,,,,,,,,
423126,1950,26,26.1,,PP,,0,,1,,29,,,10,9.7,,,,,,,22,22.3,,,,,,,,,,,,,,,,,,,,,,,,,,,,,,,,
423126,1951,26,26.1,,PP,,0,,1,,28,,,16,15.6,,,,,,,27,27.2,,,,,,,,,,,,,,,,,,,,,,,,,,,,,,,,
437448,2218,52,52.2,,PP,,0,,1,,15,,,,,,,,,46,46.5,25,24.7,,,,,,,,,,,,,,,,,,,,,,,,,,,,,,,,
437448,2219,52,52.2,,PP,,0,,1,,10,,,,,,,,,46,45.5,23,23.2,,,,,,,,,,,,,,,,,,,,,,,,,,,,,,,,
252889,32,,78.3,,PP,,0,,1,,20,0,1,,,,18,,months,,,,,,,,,,,,,,,,,,,,,,,,,,,,,,,,2,,,,
252889,31,,78.3,,PP,,0,,1,,15,0,1,,,,18,,months,,,,,,,,,,,,,,,,,,,,,,,,,,,,,,,,2,,,,
252889,33,,78.3,,PP,,0,,1,,7,0,1,,,,18,,months,,,,,,,,,,,,,,,,,,,,,,,,,,,,,,,,2,,,,
252889,34,,78.3,,PP,,0,,1,,7,0,1,,,,18,,months,,,,,,,,,,,,,,,,,,,,,,,,,,,,,,,,2,,,,
437552,2617,9,8.7,,PP,,0,,1,,14,,,,,,,,,60,59.64,13,13.29,,,,,,,,,,,,,,,,,,,,,,,,,,,,,,,,
437552,2618,,8.7,,PP,,0,,1,,6,,,62,62.5,,2,,months,54,54.31,14,13.63,,,,,,,,,,,,,,,,,,,,,,,,,,,,,,,,
321095,1044,52,52.2,,NCS,,0,,0,,17,,,,,,,,,41,40.6,28,27.7,,,,,,,,,,,,,,,,,,,,,,,,,,,,,,,,
321095,692,52,52.2,,NCS,,0,,0,,25,,,,,,,,,41,40.6,28,27.7,,,,,,,,,,,,,,,,,,,,,,,,,,,,,,,,
321095,1043,52,52.2,,NCS,,0,,0,,26,,,,,,,,,41,40.6,28,27.7,,,,,,,,,,,,,,,,,,,,,,,,,,,,,,,,
321095,693,52,52.2,,NCS,,0,,0,,38,,,,,,,,,41,40.6,28,27.7,,,,,,,,,,,,,,,,,,,,,,,,,,,,,,,,
423141,2054,,,,C,,1,,0,,12.4,,,46,46.5,,,,,49,48.57,,,,,,,,,,,,,,,,,,,,,,,,,,,,,,,,,,
423141,2055,,,,C,,1,,0,,10,,,44,44.1,,,,,48,48.13,22,22.4,,,,,,,,,,,,,,,,,,,,,,,,,,,,,,,,
423141,2053,,,,C,,1,,0,,15.3,,,49,48.6,,,,,49,49.11,23,23.3,,,,,,,,,,,,,,,,,,,,,,,,,,,,,,,,
252892,40,,52.2,,NCS,,0,,0,,17.2,,,,,,12,,months,36,36.3,,,,,,,,,,,,,,,,,,,,,,,,,,,,,,,,,,
252892,42,,52.2,,NCS,,0,,0,,14.9,,,,,,12,,months,36,36.3,25,25.2,,,,,,,,,,,,,,,,,,,,,,,,,,,,,,,,
252892,41,,52.2,,NCS,,0,,0,,16.7,,,,,,12,,months,36,36.3,26,26.2,,,,,,,,,,,,,,,,,,,,,,,,,,,,,,,,
252892,43,,52.2,,NCS,,0,,0,,14.1,,,,,,12,,months,36,36.3,23,23.4,,,,,,,,,,,,,,,,,,,,,,,,,,,,,,,,
437551,2609,,,,PP,,0,,1,,15.9,,,56,56.2,,,,,,,16,16.5,,,,,,,,,,,,,,,,,,,,,,,,,,,,,,,,
437551,2610,,,,PP,,0,,1,,6,,,58,58.4,,,,,49,49.4,17,17.1,,,,,,,,,,,,,,,,,,,,,,,,,,,,,,,,
296259,461,52,52.2,,PP,,0,,1,,19.8,,,58,57.7,,,,,,,,,,,,,,,,,,,,,,,,,,,,,,,,,,,,,,,,
296259,460,52,52.2,,PP,,0,,1,,21.1,,,58,58.5,,,,,,,,,,,,,,,,,,,,,,,,,,,,,,,,,,,,,,,,
263235,349,,,,PP,,0,,1,,5.7,,,,,,,,,42,41.6,22,22.3,,,,,,,,,,,,,,,,,,,,,,,,,,,,,,,,
263235,350,,,,PP,,0,,1,,5.2,,,,,,,,,,,22,21.6,,,,,,,,,,,,,,,,,,,,,,,,,,,,,,,,
252898,54,,26.1,,NCS,,0,,0,,33,0,1,,,,6,,months,,,,,,,,,,,,,,,,,,,,,,,,,,,,,,,,,,,,
252898,55,,26.1,,NCS,,0,,0,,3,0,1,,,,6,,months,,,,,,,,,,,,,,,,,,,,,,,,,,,,,,,,,,,,
296311,564,13,13.05,,PP,,0,,1,,7,,,,,,,,,,,,,,,,,,,,,,,,,,,,,,,,,,,,,,,,,,,,
296311,563,13,13.05,,PP,,0,,1,,10,,,,,,,,,,,,,,,,,,,,,,,,,,,,,,,,,,,,,,,,,,,,
296311,565,13,13.05,,PP,,0,,1,,6,,,,,,,,,,,,,,,,,,,,,,,,,,,,,,,,,,,,,,,,,,,,
296417,787,26,26.1,,PP,,0,,1,,10,,,,,,,,,,,,,,,,,,,,,,,,,,,,,,,,,,,,,,,,,,,,
296417,788,26,26.1,,PP,,0,,1,,10,,,,,,,,,,,,,,,,,,,,,,,,,,,,,,,,,,,,,,,,,,,,
296417,786,26,26.1,,PP,,0,,1,,9,,,,,,,,,,,,,,,,,,,,,,,,,,,,,,,,,,,,,,,,,,,,
437450,2241,,,,C,,1,,0,,18,,,48,48.2,,,,,,,,,,,,,,,,,,,,,,,,,,,,,,,,,,,,,,,,
437450,2242,,,,C,,1,,0,,9.9,,,48,47.8,,,,,,,,,,,,,,,,,,,,,,,,,,,,,,,,,,,,,,,,
437459,2253,13,13.05,,C,,1,,0,,25.4,,,,,,,,,63,62.8,19,19.2,,,,,,,,,,,,,,,,,,,,,,,,,,,,,,,,
437459,2255,13,13.05,,C,,1,,0,,10.34,,,,,,,,,63,62.8,9,9.3,,,,,,,,,,,,,,,,,,,,,,,,,,,,,,,,
437459,2254,13,13.05,,C,,1,,0,,23.4,,,,,,,,,63,62.8,19,19.2,,,,,,,,,,,,,,,,,,,,,,,,,,,,,,,,
252904,66,,52.2,,PP,,0,,1,,13.6,,,61,60.8,,12,,months,,,,,,,,,,,,,,,,,,,,,,,,,,,,,,,,,,,,
252904,65,,52.2,,PP,,0,,1,,13.3,,,71,70.7,,12,,months,,,,,,,,,,,,,,,,,,,,,,,,,,,,,,,,,,,,
263098,176,26,26.1,,PP,,0,,1,,17.8,,,50,49.5,,,,,37,36.9,,,,,,,,,,,,,,,,,,,,,,,,,,,,,,,,,,
263098,175,26,26.1,,PP,,0,,1,,14.7,,,45,44.8,,,,,,,,,,,,,,,,,,,,,,,,,,,,,,,,,,,,,,,,
296341,418,52,52.2,,PP,,0,,1,,8,,,,,,,,,34,33.6,,,,,,,,,,,,,,,,,,,,,,,,,,,,,,,,,,
296341,417,52,52.2,,PP,,0,,1,,17,,,,,,,,,34,34.2,12,12.2,,,,,,,,,,,,,,,,,,,,,,,,,,,,,,,,
296482,856,9,8.7,,C,,1,,0,,15.6,,,,,,,,,,,,,,,,,,,,,,,,,,,,,,,,,,,,,,,,,,,,
296482,855,9,8.7,,C,,1,,0,,12.5,,,,,,,,,,,,,,,,,,,,,,,,,,,,,,,,,,,,,,,,,,,,
263161,266,4,4.35,,PP,,0,,1,,34.7,,,,,,,,,,,23,22.8,,,,,,,,,,,,,,,,,,,,,,,,,,,,,,,,
263161,265,4,4.35,,PP,,0,,1,,32.6,,,,,,,,,,,20,20.4,,,,,,,,,,,,,,,,,,,,,,,,,,,,,,,,
423130,1959,52,52.2,,PP,,0,,1,,23.2,,,,,,,,,49,49.48,18,18.2,,,,,,,,,,,,,,,,,,,,,,,,,,,,,,,,
423130,1960,52,52.2,,PP,,0,,1,,20,,,,,,,,,50,49.52,18,17.88,,,,,,,,,,,,,,,,,,,,,,,,,,,,,,,,
296433,818,52,52.2,,C,,1,,0,,2,,,,,,,,,,,,,,,,,,,,,,,,,,,,,,,,,,,,,,,,,,,,
296433,819,52,52.2,,C,,1,,0,,2,,,,,,,,,,,,,,,,,,,,,,,,,,,,,,,,,,,,,,,,,,,,
437496,2597,,,,PP,,0,,1,,15.6,,,45,45.3,,,,,48,47.68,23,22.82,,,,,,,,,,,,,,,,,,,,,,,,,,,,,,,,
437496,2595,,,,PP,,0,,1,,15.6,,,45,45.2,,,,,49,49.48,25,24.62,,,,,,,,,,,,,,,,,,,,,,,,,,,,,,,,
437496,2596,,,,PP,,0,,1,,15.6,,,43,43.3,,,,,47,47.23,24,24.12,,,,,,,,,,,,,,,,,,,,,,,,,,,,,,,,
263193,300,78,78.3,,C,,1,,0,,8.9,,,,,,,,,54,54.4,,,,,,,,,,,,,,,,,,,,,,,,,,,,,,,,,,
263193,301,78,78.3,,C,,1,,0,,4.5,,,,,,,,,55,54.7,,,,,,,,,,,,,,,,,,,,,,,,,,,,,,,,,,
296367,439,4,4.35,,NCS,,0,,0,,4,,,,,,,,,,,,,,,,,,,,,,,,,,,,,,,,,,,,,,,,,,,,
296367,441,4,4.35,,NCS,,0,,0,,5,,,,,,,,,,,,,,,,,,,,,,,,,,,,,,,,,,,,,,,,,,,,
263049,6,,26.1,,PP,,0,,1,,10.2,0,1,48,47.9,,6,,months,20,19.8,10,9.9,,,,,,,,,,,,,,,,,,,,,,,,,,,,,,,,
263049,7,,26.1,,PP,,0,,1,,5.7,0,1,43,42.9,,6,,months,20,19.8,,,,,,,,,,,,,,,,,,,,,,,,,,,,,,,,,,
263073,141,,52.2,,PP,,0,,1,,17.6,0,1,46,46.3,,12,,months,43,43.36,24,24.06,,,,,,,,,,,,,,,,,,,,,,,,,,,,,,,,
263073,144,,52.2,,PP,,0,,1,,15.3,0,1,47,47.1,,12,,months,45,45.16,26,25.54,,,,,,,,,,,,,,,,,,,,,,,,,,,,,,,,
263073,142,,52.2,,PP,,0,,1,,17.9,0,1,45,44.6,,12,,months,44,44.4,25,25.4,,,,,,,,,,,,,,,,,,,,,,,,,,,,,,,,
263073,143,,52.2,,PP,,0,,1,,22.5,0,1,,,,12,,months,44,43.89,24,24.46,,,,,,,,,,,,,,,,,,,,,,,,,,,,,,,,
319595,663,52,52.2,,PP,,0,,1,,3.9,,,45,44.7,,,,,17,16.9,,,,,,,,,,,,,,,,,,,,,,,,,,,,,,,,,,
319595,662,52,52.2,,PP,,0,,1,,5.3,,,51,51.2,,,,,17,16.8,,,,,,,,,,,,,,,,,,,,,,,,,,,,,,,,,,
437561,2801,26,26.1,,PP,,0,,1,,35.9,,,57,56.8,,,,,,,,,,,,,,,,,,,,,,,,,,,,,,,,,,,,,,,,
437561,2800,26,26.1,,PP,,0,,1,,50.4,,,62,62.3,,,,,,,,,,,,,,,,,,,,,,,,,,,,,,,,,,,,,,,,
423123,1944,26,26.1,,PP,,0,,1,,14,,,,,,,,,40,40.1,15,14.8,,,,,,,,,,,,,,,,,,,,,,,,,,,,,,,,
423123,1945,26,26.1,,PP,,0,,1,,22.6,,,64,64.2,,,,,39,39.4,14,13.9,,,,,,,,,,,,,,,,,,,,,,,,,,,,,,,,
437515,2322,52,52.2,,PP,,0,,1,,4,,,,,,,,,,,,,,,,,,,,,,,,,,,,,,,,,,,,,,,,,,,,
437515,2323,52,52.2,,PP,,0,,1,,12,,,,,,,,,,,,,,,,,,,,,,,,,,,,,,,,,,,,,,,,,,,,
423128,1956,39,39.15,,NCS,,0,,0,,8.6,,,59,58.7,,,,,,,,,,,,,,,,,,,,,,,,,,,,,,,,,,,,,,,,
423128,1955,39,39.15,,NCS,,0,,0,,8.9,,,59,58.7,,,,,,,,,,,,,,,,,,,,,,,,,,,,,,,,,,,,,,,,
252907,75,,52.2,,C,,1,,0,,32.8,,,,,,12,,months,,,,,,,,,,,,,,,,,,,,,,,,,,,,,,,,,,,,
252907,76,,52.2,,C,,1,,0,,26.1,,,,,,12,,months,,,,,,,,,,,,,,,,,,,,,,,,,,,,,,,,,,,,
263076,150,52,52.2,,PP,,0,,1,,14,,,,,,,,,,,,,,,,,,,,,,,,,,,,,,,,,,,,,,,,,,,,
263076,149,52,52.2,,PP,,0,,1,,20,,,,,,,,,,,,,,,,,,,,,,,,,,,,,,,,,,,,,,,,,,,,
252890,35,,26.1,,PP,,0,,1,,16,,,,,,6,,months,,,,,,,,,,,,,,,,,,,,,,,,,,,,,,,,,,,,
252890,36,,26.1,,PP,,0,,1,,8.8,,,,,,6,,months,60,60.1,,,,,,,,,,,,,,,,,,,,,,,,,,,,,,,,,,
296308,560,,,,PP,,0,,1,,24.1,,,,,,,,,38,37.5,7,6.9,,,,,,,,,,,,,,,,,,,,,,,,,,,,,,,,
296308,559,,,,PP,,0,,1,,23.4,,,,,,,,,38,38.4,24,24.2,,,,,,,,,,,,,,,,,,,,,,,,,,,,,,,,
423256,1975,13,13.05,,PP,,0,,1,,4.7,,,,,,,,,,,,,,,,,,,,,,,,,,,,,,,,,,,,,,,,,,,,
423256,1974,13,13.05,,PP,,0,,1,,15.7,,,,,,,,,,,,,,,,,,,,,,,,,,,,,,,,,,,,,,,,,,,,
296272,488,78,78.3,,NCS,,0,,0,,53,,,,,,,,,,,,,,,,,,,,,,,,,,,,,,,,,,,,,,,,,,,,
296272,487,78,78.3,,NCS,,0,,0,,54,,,,,,,,,,,,,,,,,,,,,,,,,,,,,,,,,,,,,,,,,,,,
296427,808,26,26.1,,PP,,0,,1,,8,,,,,,,,,37,37.3,,,,,,,,,,,,,,,,,,,,,,,,,,,,,,,,,,
296427,806,26,26.1,,PP,,0,,1,,25,,,,,,,,,37,37.3,,,,,,,,,,,,,,,,,,,,,,,,,,,,,,,,,,
296427,811,26,26.1,,PP,,0,,1,,8,,,,,,,,,37,37.3,,,,,,,,,,,,,,,,,,,,,,,,,,,,,,,,,,
296427,810,26,26.1,,PP,,0,,1,,8,,,,,,,,,37,37.3,,,,,,,,,,,,,,,,,,,,,,,,,,,,,,,,,,
296427,807,26,26.1,,PP,,0,,1,,37,,,,,,,,,37,37.3,,,,,,,,,,,,,,,,,,,,,,,,,,,,,,,,,,
296427,809,26,26.1,,PP,,0,,1,,0,,,,,,,,,37,37.3,,,,,,,,,,,,,,,,,,,,,,,,,,,,,,,,,,
252893,44,,104.4,,C,,1,,0,,10.2,,,50,50.4,,24,,months,34,33.8,16,16.4,,,,,,,,,,,,,,,,,,,,,,,,,,,,,,,,
252893,46,,104.4,,C,,1,,0,,6.7,,,49,49.3,,24,,months,35,34.8,16,16.2,,,,,,,,,,,,,,,,,,,,,,,,,,,,,,,,
252893,45,,104.4,,C,,1,,0,,9.7,,,44,44.5,,24,,months,33,33.1,17,16.9,,,,,,,,,,,,,,,,,,,,,,,,,,,,,,,,
319575,625,61,60.9,,PP,,0,,1,,7.5,,,,,,,,,,,,,,,,,,,,,,,,,,,,,,,,,,,,,,,,,,,,
319575,626,61,60.9,,PP,,0,,1,,7.1,,,,,,,,,,,,,,,,,,,,,,,,,,,,,,,,,,,,,,,,,,,,
436345,2589,13,13.05,,PP,,0,,1,,15.6,,,,,,,,,27,26.68,7,7.48,,,,,,,,,,,,,,,,,,,,,,,,,,,,1,,,,
436345,2590,13,13.05,,PP,,0,,1,,10.93,,,,,,,,,26,25.95,7,7.25,,,,,,,,,,,,,,,,,,,,,,,,,,,,1,,,,
437492,2342,26,26.1,,PP,,0,,1,,6.7,,,18,17.7,,,,,46,46.45,15,15.23,,,,,,,,,,,,,,,,,,,,,,,,,,,,,,,,
437492,2341,26,26.1,,PP,,0,,1,,9.1,,,15,14.7,,,,,47,47.4,15,15.15,,,,,,,,,,,,,,,,,,,,,,,,,,,,,,,,
437545,2343,,,,PP,,0,,1,,15,,,75,75.05,,,,,,,,,,,,,,,,,,,,,,,,,,,,,,,,,,,,,,,,
437545,2344,,,,PP,,0,,1,,5.3,,,,,,,,,,,,,,,,,,,,,,,,,,,,,,,,,,,,,,,,,,,,
437558,2683,9,8.7,,NCS,,0,,0,,6.3,,,49,48.6,,,,,53,53.4,16,16.2,,,,,,,,,,,,,,,,,,,,,,,,,,,,,,,,
437558,2682,9,8.7,,NCS,,0,,0,,5.3,,,51,50.6,,,,,54,53.5,16,15.9,,,,,,,,,,,,,,,,,,,,,,,,,,,,,,,,
436353,2808,52,52.2,,C,,1,,0,,5.6,,,46,45.6,,,,,45,44.9,,,,,,,,,,,,,,,,,,,,,,,,,,,,,,,,,,
436353,2807,52,52.2,,C,,1,,0,,16.25,,,42,42.5,,,,,45,45.1,,,,,,,,,,,,,,,,,,,,,,,,,,,,,,,,,,
296397,766,52,52.2,,C,,1,,0,,39,,,,,,,,,,,,,,,,,,,,,,,,,,,,,,,,,,,,,,,,,,,,
296397,767,52,52.2,,C,,1,,0,,46,,,,,,,,,,,,,,,,,,,,,,,,,,,,,,,,,,,,,,,,,,,,
296397,768,52,52.2,,C,,1,,0,,32,,,,,,,,,,,,,,,,,,,,,,,,,,,,,,,,,,,,,,,,,,,,
296397,769,52,52.2,,C,,1,,0,,33,,,,,,,,,,,,,,,,,,,,,,,,,,,,,,,,,,,,,,,,,,,,
423069,1982,78,78.3,,C,,1,,0,,3.7,,,,,,,,,,,,,,,,,,,,,,,,,,,,,,,,,,,,,,,,,,,,
423069,1981,78,78.3,,C,,1,,0,,9.5,,,,,,,,,,,,,,,,,,,,,,,,,,,,,,,,,,,,,,,,,,,,
423116,2107,52,52.2,,C,,1,,0,,38.2,,,,,,,,,,,,,,,,,,,,,,,,,,,,,,,,,,,,,,,,,,,,
423116,2108,52,52.2,,C,,1,,0,,11.1,,,,,,,,,,,,,,,,,,,,,,,,,,,,,,,,,,,,,,,,,,,,
263079,156,52,52.2,,PP,,0,,1,,26.5,,,8,8.4,,,,,,,,,,,,,,,,,,,,,,,,,,,,,,,,,,,,,,,,
263079,157,52,52.2,,PP,,0,,1,,25.5,,,10,9.5,,,,,59,58.6,12,11.6,,,,,,,,,,,,,,,,,,,,,,,,,,,,,,,,
296302,540,78,78.3,,C,,1,,0,,13.5,,,64,63.6,,,,,43,43.32,28,27.96,,,,,,,,,,,,,,,,,,,,,,,,,,,,,,,,
296302,541,78,78.3,,C,,1,,0,,10.8,,,,,,,,,44,43.6,27,27.49,,,,,,,,,,,,,,,,,,,,,,,,,,,,,,,,
437576,2651,26,26.1,,PP,,0,,1,,25.8,,,84,83.7,,,,,40,40.2,17,17.3,,,,,,,,,,,,,,,,,,,,,,,,,,,,,,,,
437576,2650,26,26.1,,PP,,0,,1,,32.7,,,82,82.5,,,,,,,17,17.2,,,,,,,,,,,,,,,,,,,,,,,,,,,,,,,,
437576,2652,26,26.1,,PP,,0,,1,,23.7,,,84,83.8,,,,,40,39.6,18,17.6,,,,,,,,,,,,,,,,,,,,,,,,,,,,,,,,
319586,644,13,13.05,,PP,,0,,1,,12.7,,,,,,,,,17,16.88,,,,,,,,,,,,,,,,,,,,,,,,,,,,,,,,,,
319586,643,13,13.05,,PP,,0,,1,,20,,,,,,,,,16,16.15,,,,,,,,,,,,,,,,,,,,,,,,,,,,,,,,,,
319586,642,13,13.05,,PP,,0,,1,,33.75,,,,,,,,,,,,,,,,,,,,,,,,,,,,,,,,,,,,,,,,,,,,
296440,825,52,52.2,,PP,,0,,1,,2,,,,,,,,,42,41.5,,,,,,,,,,,,,,,,,,,,,,,,,,,,,,,,,,
296440,824,52,52.2,,PP,,0,,1,,19,,,,,,,,,42,41.5,,,,,,,,,,,,,,,,,,,,,,,,,,,,,,,,,,
296276,497,52,52.2,,PP,,0,,1,,19.3,,,,,,,,,,,,,,,,,,,,,,,,,,,,,,,,,,,,,,,,,,,,
296276,498,52,52.2,,PP,,0,,1,,15.8,,,,,,,,,,,,,,,,,,,,,,,,,,,,,,,,,,,,,,,,,,,,
296276,499,52,52.2,,PP,,0,,1,,14.1,,,,,,,,,,,,,,,,,,,,,,,,,,,,,,,,,,,,,,,,,,,,
296276,500,52,52.2,,PP,,0,,1,,10.2,,,,,,,,,,,,,,,,,,,,,,,,,,,,,,,,,,,,,,,,,,,,
296329,615,30,30.45,,C,,1,,0,,16.4,,,,,,,,,,,16,15.6,,,,,,,,,,,,,,,,,,,,,,,,,,,,,,,,
296329,616,30,30.45,,C,,1,,0,,8,,,,,,,,,,,16,15.6,,,,,,,,,,,,,,,,,,,,,,,,,,,,,,,,
263219,326,,,,PP,,0,,1,,17.6,,,,,,,,,45,45.3,21,20.6,,,,,,,,,,,,,,,,,,,,,,,,,,,,,,,,
263219,325,,,,PP,,0,,1,,21.6,,,,,,,,,46,45.6,22,22.5,,,,,,,,,,,,,,,,,,,,,,,,,,,,,,,,
263150,247,26,26.1,,C,,1,,0,,4,,,,,,,,,,,,,,,,,,,,,,,,,,,,,,,,,,,,,,,,,,,,
263150,248,26,26.1,,C,,1,,0,,7,,,,,,,,,,,,,,,,,,,,,,,,,,,,,,,,,,,,,,,,,,,,
263150,249,26,26.1,,C,,1,,0,,5,,,,,,,,,,,,,,,,,,,,,,,,,,,,,,,,,,,,,,,,,,,,
296370,442,24,287.1,,C,,1,,0,,44,,,,,,5.5,,years,,,,,,,,,,,,,,,,,,,,,,,,,,,,,,,,,,,,
296370,443,24,287.1,,C,,1,,0,,44,,,,,,5.5,,years,,,,,,,,,,,,,,,,,,,,,,,,,,,,,,,,,,,,
319602,674,52,52.2,,PP,,0,,1,,4.4,,,,,,,,,17,16.7,,,,,,,,,,,,,,,,,,,,,,,,,,,,,,,,,,
319602,675,52,52.2,,PP,,0,,1,,6.6,,,,,,,,,17,16.7,,,,,,,,,,,,,,,,,,,,,,,,,,,,,,,,,,
437474,2360,13,13.05,,PP,,0,,1,,7.9,,,78,77.5,,,,,44,44.3,18,17.8,,,,,,,,,,,,,,,,,,,,,,,,,,,,,,,,
437474,2361,13,13.05,,PP,,0,,1,,3,,,78,77.5,,,,,43,43.3,21,20.9,,,,,,,,,,,,,,,,,,,,,,,,,,,,,,,,
263134,231,,,,PP,,0,,1,,8,,,,,,,,,25,25.3,,,,,,,,,,,,,,,,,,,,,,,,,,,,,,1,,,,
263134,232,,,,PP,,0,,1,,3,,,,,,,,,23,23.4,,,,,,,,,,,,,,,,,,,,,,,,,,,,,,1,,,,
296292,517,52,52.2,,PP,,0,,1,,10.9,,,,,,,,,33,32.7,15,15.1,,,,,,,,,,,,,,,,,,,,,,,,,,,,,,,,
296292,518,52,52.2,,PP,,0,,1,,10.2,,,,,,,,,33,32.7,14,13.5,,,,,,,,,,,,,,,,,,,,,,,,,,,,,,,,
319596,664,4,4.35,,C,,1,,0,,21.8,,,,,,,,,,,,,,,,,,,,,,,,,,,,,,,,,,,,,,,,,,,,
319596,665,4,4.35,,C,,1,,0,,17.7,,,,,,,,,,,,,,,,,,,,,,,,,,,,,,,,,,,,,,,,,,,,
263170,279,209,208.8,,C,,1,,0,,44.3,,,,,,,,,62,61.6,,,,,,,,,,,,,,,,,,,,,,,,,,,,,,,,,,
263170,280,209,208.8,,C,,1,,0,,5.1,,,,,,,,,62,61.5,,,,,,,,,,,,,,,,,,,,,,,,,,,,,,,,,,
263109,185,52,52.2,,PP,,0,,1,,5.3,,,65,64.7,,,,,46,46.5,11,11.35,,,,,,,,,,,,,,,,,,,,,,,,,,,,,,,,
263109,184,52,52.2,,PP,,0,,1,,15.8,,,81,80.8,,,,,47,46.7,11,11.35,,,,,,,,,,,,,,,,,,,,,,,,,,,,,,,,
437511,2256,78,78.3,,PP,,0,,1,,16.5,,,22,22.4,,,,,,,15,14.8,,,,,,,,,,,,,,,,,,,,,,,,,,,,,,,,
437511,2257,78,78.3,,PP,,0,,1,,14.3,,,,,,,,,41,40.6,15,14.6,,,,,,,,,,,,,,,,,,,,,,,,,,,,,,,,
436356,2685,26,26.1,,PP,,0,,1,,19.3,,,78,78.5,,,,,46,45.6,18,17.9,,,,,,,,,,,,,,,,,,,,,,,,,,,,,,,,
436356,2684,26,26.1,,PP,,0,,1,,24.6,,,78,77.6,,,,,44,44.2,17,17.1,,,,,,,,,,,,,,,,,,,,,,,,,,,,,,,,
296469,843,104,104.4,,C,,1,,0,,15,,,,,,,,,,,,,,,,,,,,,,,,,,,,,,,,,,,,,,,,,,,,
296469,844,104,104.4,,C,,1,,0,,8,,,,,,,,,,,,,,,,,,,,,,,,,,,,,,,,,,,,,,,,,,,,
436350,2591,,,,C,,1,,0,,20,,,49,48.6,,,,,48,48.5,22,21.9,,,,,,,,,,,,,,,,,,,,,,,,,,,,,,,,
436350,2592,,,,C,,1,,0,,11.4,,,69,68.6,,,,,48,48.4,,,,,,,,,,,,,,,,,,,,,,,,,,,,,,,,,,
296325,604,130,130.5,,C,,1,,0,,15,,,,,,,,,50,49.93,24,23.85,,,,,,,,,,,,,,,,,,,,,,,,,,,,,,,,
296325,605,130,130.5,,C,,1,,0,,13.6,,,,,,,,,51,50.6,24,24.31,,,,,,,,,,,,,,,,,,,,,,,,,,,,,,,,
296325,607,130,130.5,,C,,1,,0,,12.5,,,,,,,,,51,50.52,25,25.18,,,,,,,,,,,,,,,,,,,,,,,,,,,,,,,,
296325,606,130,130.5,,C,,1,,0,,10,,,,,,,,,51,50.89,25,24.55,,,,,,,,,,,,,,,,,,,,,,,,,,,,,,,,
263209,310,26,26.1,,PP,,0,,1,,2.5,,,49,49.2,,,,,,,,,,,,,,,,,,,,,,,,,,,,,,,,,,,,,,,,
263209,309,26,26.1,,PP,,0,,1,,3.5,,,48,48.1,,,,,47,46.6,,,,,,,,,,,,,,,,,,,,,,,,,,,,,,,,,,
263210,311,26,26.1,,NCS,,0,,0,,9.5,,,,,,,,,,,,,,,,,,,,,,,,,,,,,,,,,,,,,,,,,,,,
263210,312,26,26.1,,NCS,,0,,0,,7.9,,,,,,,,,37,37.1,21,21.3,,,,,,,,,,,,,,,,,,,,,,,,,,,,,,,,
296374,447,4,4.35,,C,,1,,0,,1.2,,,,,,,,,,,,,,,,,,,,,,,,,,,,,,,,,,,,,,,,,,,,
296374,446,4,4.35,,C,,1,,0,,3.1,,,,,,,,,,,,,,,,,,,,,,,,,,,,,,,,,,,,,,,,,,,,
423245,2134,26,52.2,,C,,1,,0,,22.5,,,,,,12,,months,28,28.27,,,,,,,,,,,,,,,,,,,,,,,,,,,,,,1,,,,
423245,2135,26,52.2,,C,,1,,0,,8.6,,,,,,12,,months,28,27.66,,,,,,,,,,,,,,,,,,,,,,,,,,,,,,1,,,,
263172,284,26,26.1,,NCS,,0,,0,,6.3,,,,,,,,,27,27.03,,,,,,,,,,,,,,,,,,,,,,,,,,,,,,,,,,
263172,283,26,26.1,,NCS,,0,,0,,14.3,,,,,,,,,,,,,,,,,,,,,,,,,,,,,,,,,,,,,,,,,,,,
423040,2010,,12,,PP,,0,,1,,16.7,,,68,67.8,,12,,weeks,21,21.16,15,15.03,,,,,,,,,,,,,,,,,,,,,,,,,,,,,,,,
423040,2009,,12,,PP,,0,,1,,18.9,,,67,66.7,,12,,weeks,21,21.16,4,3.56,,,,,,,,,,,,,,,,,,,,,,,,,,,,,,,,
321129,723,,,,PP,,0,,1,,14.3,,,49,48.6,,,,,,,,,,,,,,,,,,,,,,,,,,,,,,,,,,,,,,,,
321129,724,,,,PP,,0,,1,,0,,,48,48.5,,,,,43,42.6,,,,,,,,,,,,,,,,,,,,,,,,,,,,,,,,,,
437518,2324,,,,C,,1,,0,,14,,,,,,,,,44,44.3,22,22.4,,,,,,,,,,,,,,,,,,,,,,,,,,,,,,,,
437518,2325,,,,C,,1,,0,,15,,,,,,,,,43,42.6,22,21.5,,,,,,,,,,,,,,,,,,,,,,,,,,,,,,,,
296285,508,70,69.6,,PP,,0,,1,,32.7,,,,,,,,,,,,,,,,,,,,,,,,,,,,,,,,,,,,,,,,,,,,
296285,509,70,69.6,,PP,,0,,1,,13.2,,,,,,,,,,,,,,,,,,,,,,,,,,,,,,,,,,,,,,,,,,,,
296285,507,70,69.6,,PP,,0,,1,,19.2,,,,,,,,,,,,,,,,,,,,,,,,,,,,,,,,,,,,,,,,,,,,
423090,1935,52,52.2,,PP,,0,,1,,60.6,,,54,54.1,,,,,,,17,17.2,,,,,,,,,,,,,,,,,,,,,,,,,,,,,,1,,
423090,1936,52,52.2,,PP,,0,,1,,61.2,,,54,54.2,,,,,43,43.3,17,16.8,,,,,,,,,,,,,,,,,,,,,,,,,,,,,,1,,
423090,1934,52,52.2,,PP,,0,,1,,54.9,,,54,54.2,,,,,,,16,16.4,,,,,,,,,,,,,,,,,,,,,,,,,,,,,,1,,
423072,1989,26,26.1,,C,,1,,0,,1,,,50,49.8,,,,,,,,,,,,,,,,,,,,,,,,,,,,,,,,,,,,,,,,
423072,1991,26,26.1,,C,,1,,0,,0.1,,,,,,,,,,,,,,,,,,,,,,,,,,,,,,,,,,,,,,,,,,,,
423072,1988,26,26.1,,C,,1,,0,,2,,,51,51.3,,,,,,,,,,,,,,,,,,,,,,,,,,,,,,,,,,,,,,,,
423072,1990,26,26.1,,C,,1,,0,,0.5,,,52,52.4,,,,,,,,,,,,,,,,,,,,,,,,,,,,,,,,,,,,,,,,
423072,1987,26,26.1,,C,,1,,0,,2.9,,,51,51.2,,,,,,,,,,,,,,,,,,,,,,,,,,,,,,,,,,,,,,,,
296297,527,52,52.2,,C,,1,,0,,21.2,,,46,45.8,,,,,37,36.8,28,27.7,,,,,,,,,,,,,,,,,,,,,,,,,,,,,,,,
296297,528,52,52.2,,C,,1,,0,,9.1,,,46,45.5,,,,,37,37.4,26,26.5,,,,,,,,,,,,,,,,,,,,,,,,,,,,,,,,
423479,1966,26,26.1,,PP,,0,,1,,7.8,,,,,,,,,47,46.7,17,16.9,,,,,,,,,,,,,,,,,,,,,,,,,,,,,,,,
423479,1965,26,26.1,,PP,,0,,1,,2.9,,,,,,,,,,,16,16.2,,,,,,,,,,,,,,,,,,,,,,,,,,,,,,,,
423479,1967,26,26.1,,PP,,0,,1,,0,,,,,,,,,46,45.5,,,,,,,,,,,,,,,,,,,,,,,,,,,,,,,,,,
263260,377,4,4.35,,PP,,0,,1,,13,,,,,,,,,,,,,,,,,,,,,,,,,,,,,,,,,,,,,,,,,,,,
263260,376,4,4.35,,PP,,0,,1,,10,,,,,,,,,,,,,,,,,,,,,,,,,,,,,,,,,,,,,,,,,,,,
263260,378,4,4.35,,PP,,0,,1,,18,,,,,,,,,,,,,,,,,,,,,,,,,,,,,,,,,,,,,,,,,,,,
263045,114,,4.35,,PP,,0,,1,,9.9,,,,,,1,,months,20,20.2,55,55.4,,,,,,,,,,,,,,,,,,,,,,,,,,,,,,,,
263045,115,,4.35,,PP,,0,,1,,1.4,,,,,,1,,months,20,20.2,55,55.4,,,,,,,,,,,,,,,,,,,,,,,,,,,,,,,,
263045,116,,4.35,,PP,,0,,1,,12.5,,,,,,1,,months,20,20.2,55,55.4,,,,,,,,,,,,,,,,,,,,,,,,,,,,,,,,
437453,2190,26,26.1,,PP,,0,,1,,6,,,,,,,,,22,22.09,10,9.89,,,,,,,,,,,,,,,,,,,,,,,,,,,,,,,,
437453,2189,26,26.1,,PP,,0,,1,,10,,,,,,,,,21,21.1,10,9.82,,,,,,,,,,,,,,,,,,,,,,,,,,,,,,,,
263220,327,52,52.2,,NCS,,0,,0,,13.6,,,,,,,,,53,52.9,16,16.5,,,,,,,,,,,,,,,,,,,,,,,,,,,,,,,,
263220,328,52,52.2,,NCS,,0,,0,,6.4,,,,,,,,,,,17,17.4,,,,,,,,,,,,,,,,,,,,,,,,,,,,,,,,
266058,132,,52.2,,C,,1,,0,,29,0,1,,,,1,,years,42,42.5,,,,,,,,,,,,,,,,,,,,,,,,,,,,,,,,,,
266058,131,,52.2,,C,,1,,0,,27,0,1,,,,1,,years,42,42.2,27,26.6,,,,,,,,,,,,,,,,,,,,,,,,,,,,,,,,
263096,173,26,26.1,,PP,,0,,1,,28,,,,,,,,,57,56.7,19,18.9,,,,,,,,,,,,,,,,,,,,,,,,,,,,,,,,
263096,174,26,26.1,,PP,,0,,1,,11.8,,,,,,,,,,,20,20.1,,,,,,,,,,,,,,,,,,,,,,,,,,,,,,,,
423139,2052,30,30.45,,PP,,0,,1,,7.4,,,47,46.9,,,,,,,,,,,,,,,,,,,,,,,,,,,,,,,,,,,,,,,,
423139,2051,30,30.45,,PP,,0,,1,,8.7,,,47,47.2,,,,,,,,,,,,,,,,,,,,,,,,,,,,,,,,,,,,,,,,
263167,1025,52,52.2,,C,,1,,0,,19,,,,,,,,,,,20,20.1,,,,,,,,,,,,,,,,,,,,,,,,,,,,,,,,
263167,277,52,52.2,,C,,1,,0,,24,,,,,,,,,42,42.1,21,20.8,,,,,,,,,,,,,,,,,,,,,,,,,,,,,,,,
263167,1026,52,52.2,,C,,1,,0,,7,,,,,,,,,42,42.3,22,21.6,,,,,,,,,,,,,,,,,,,,,,,,,,,,,,,,
263167,278,52,52.2,,C,,1,,0,,8,,,,,,,,,43,42.6,20,20.4,,,,,,,,,,,,,,,,,,,,,,,,,,,,,,,,
437534,2305,52,52.2,,PP,,0,,1,,12.4,,,53,52.7,,,,,51,50.8,,,,,,,,,,,,,,,,,,,,,,,,,,,,,,,,,,
437534,2304,52,52.2,,PP,,0,,1,,6.3,,,53,52.7,,,,,52,51.8,,,,,,,,,,,,,,,,,,,,,,,,,,,,,,,,,,
296320,591,26,26.1,,NCS,,0,,0,,12.2,,,,,,,,,29,28.6,,,,,,,,,,,,,,,,,,,,,,,,,United States,United Kingdom,,,,1,,,,
296320,594,26,26.1,,NCS,,0,,0,,17.1,,,,,,,,,28,28.1,,,,,,,,,,,,,,,,,,,,,,,,,United States,United Kingdom,,,,1,,,,
423068,1925,26,26.1,,PP,,0,,1,,4,,,,,,,,,52,52.3,,,,,,,,,,,,,,,,,,,,,,,,,,,,,,,,,,
423068,1922,26,26.1,,PP,,0,,1,,0,,,,,,,,,49,49.2,,,,,,,,,,,,,,,,,,,,,,,,,,,,,,,,,,
423068,1924,26,26.1,,PP,,0,,1,,0,,,,,,,,,46,46.1,,,,,,,,,,,,,,,,,,,,,,,,,,,,,,,,,,
423068,1923,26,26.1,,PP,,0,,1,,14,,,,,,,,,51,51.2,,,,,,,,,,,,,,,,,,,,,,,,,,,,,,,,,,
296382,751,52,52.2,,C,,1,,0,,6.4,,,51,50.9,,,,,37,36.7,,,,,,,,,,,,,,,,,,,,,,,,,,,,,,,,,,
296382,752,52,52.2,,C,,1,,0,,7.3,,,51,50.9,,,,,37,36.7,,,,,,,,,,,,,,,,,,,,,,,,,,,,,,,,,,
263213,318,26,26.1,,PP,,0,,1,,30.3,,,,,,,,,55,54.9,11,11.1,,,,,,,,,,,,,,,,,,,,,,,,,,,,,,,,
263213,317,26,26.1,,PP,,0,,1,,36.8,,,,,,,,,58,58.2,11,10.6,,,,,,,,,,,,,,,,,,,,,,,,,,,,,,,,
296318,587,52,52.2,,PP,,0,,1,,14,,,62,61.5,,,,,43,42.84,23,23.19,,,,,,,,,,,,,,,,,,,,,,,,,,,,,,,,
296318,588,52,52.2,,PP,,0,,1,,15,,,64,63.5,,,,,42,42.48,22,22.01,,,,,,,,,,,,,,,,,,,,,,,,,,,,,,,,
436351,2632,26,26.1,,C,,1,,0,,10.2,,,,,,,,,28,27.9,,,,,,,,,,,,,,,,,,,,,,,,,,,,,,,,,,
436351,2633,26,26.1,,C,,1,,0,,4.8,,,53,52.9,,,,,29,28.8,,,,,,,,,,,,,,,,,,,,,,,,,,,,,,,,,,
296326,608,52,52.2,,PP,,0,,1,,8,,,,,,,,,,,,,,,,,,,,,,,,,,,,,,,,,,,,,,,,,,,,
296326,609,52,52.2,,PP,,0,,1,,6,,,,,,,,,,,,,,,,,,,,,,,,,,,,,,,,,,,,,,,,,,,,
296410,782,26,26.1,,PP,,0,,1,,18,,,,,,,,,,,,,,,,,,,,,,,,,,,,,,,,,,,,,,,,,,,,
296410,781,26,26.1,,PP,,0,,1,,18,,,,,,,,,,,,,,,,,,,,,,,,,,,,,,,,,,,,,,,,,,,,
296410,783,26,26.1,,PP,,0,,1,,18,,,,,,,,,,,,,,,,,,,,,,,,,,,,,,,,,,,,,,,,,,,,
296410,780,26,26.1,,PP,,0,,1,,18,,,,,,,,,,,,,,,,,,,,,,,,,,,,,,,,,,,,,,,,,,,,
296410,779,26,26.1,,PP,,0,,1,,18,,,,,,,,,,,,,,,,,,,,,,,,,,,,,,,,,,,,,,,,,,,,
436360,2657,26,26.1,,C,,1,,0,,38.1,,,,,,,,,50,49.71,12,12.38,,,,,,,,,,,,,,,,,,,,,,,,,,,,,,,,
436360,2658,26,26.1,,C,,1,,0,,4.8,,,,,,,,,53,52.52,16,16.07,,,,,,,,,,,,,,,,,,,,,,,,,,,,,,,,
423083,1913,52,52.2,,C,,1,,0,,38.6,,,51,51.1,,,,,48,47.9,20,20.4,,,,,,,,,,,,,,,,,,,,,,,,,,,,,,1,,
423083,1912,52,52.2,,C,,1,,0,,36.9,,,54,54.2,,,,,48,47.8,20,19.9,,,,,,,,,,,,,,,,,,,,,,,,,,,,,,1,,
263086,167,52,52.2,,PP,,0,,1,,14,,,,,,,,,34,33.8,,,,,,,,,,,,,,,,,,,,,,,,,,,,,,,,,,
263086,168,52,52.2,,PP,,0,,1,,2.8,,,,,,,,,34,33.8,,,,,,,,,,,,,,,,,,,,,,,,,,,,,,,,,,
263248,364,52,52.2,,C,,1,,0,,3,,,,,,,,,,,,,,,,,,,,,,,,,,,,,,,,,,,,,,,,,,,,
263248,363,52,52.2,,C,,1,,0,,13,,,,,,,,,,,,,,,,,,,,,,,,,,,,,,,,,,,,,,,,,,,,
423134,2041,52,52.2,,C,,1,,0,,9.5,,,52,52.3,,,,,46,45.6,,,,,,,,,,,,,,,,,,,,,,,,,,,,,,,,,,
423134,2042,52,52.2,,C,,1,,0,,8.5,,,,,,,,,45,45.3,,,,,,,,,,,,,,,,,,,,,,,,,,,,,,,,,,
437533,2299,26,26.1,,PP,,0,,1,,30.3,,,62,62.1,,,,,44,44.5,19,19.1,,,,,,,,,,,,,,,,,,,,,,,,,,,,,,,,
437533,2298,26,26.1,,PP,,0,,1,,33.8,,,62,61.5,,,,,44,44.1,19,19.3,,,,,,,,,,,,,,,,,,,,,,,,,,,,,,,,
437489,2350,52,52.2,,PP,,0,,1,,24.1,,,66,65.8,,,,,43,43.2,,,,,,,,,,,,,,,,,,,,,,,,,,,,,,,,,,
437489,2349,52,52.2,,PP,,0,,1,,26.9,,,66,65.8,,,,,43,43.2,,,,,,,,,,,,,,,,,,,,,,,,,,,,,,,,,,
437489,2351,52,52.2,,PP,,0,,1,,28.2,,,66,65.8,,,,,43,43.2,,,,,,,,,,,,,,,,,,,,,,,,,,,,,,,,,,
296301,539,26,26.1,,PP,,0,,1,,6.9,,,,,,,,,53,52.71,21,21.38,,,,,,,,,,,,,,,,,,,,,,,,,,,,,,,,
296301,538,26,26.1,,PP,,0,,1,,16.7,,,,,,,,,52,51.5,22,22.2,,,,,,,,,,,,,,,,,,,,,,,,,,,,,,,,
437537,2605,,,,C,,1,,0,,18,,,,,,,,,,,,,,,,,,,,,,,,,,,,,,,,,,,,,,,,,,,,
437537,2606,,,,C,,1,,0,,7,,,,,,,,,,,,,,,,,,,,,,,,,,,,,,,,,,,,,,,,,,,,
263048,3,,52.2,,PP,,0,,1,,26.7,0,1,63,63.3,,12,,months,47,47.1,20,20.3,,,,,,,,,,,,,,,,,,,,,,,,,,,,,,,,
263048,4,,52.2,,PP,,0,,1,,12.9,0,1,68,67.7,,12,,months,48,47.5,19,19.4,,,,,,,,,,,,,,,,,,,,,,,,,,,,,,,,
263163,271,26,26.1,,C,,1,,0,,15,,,47,46.6,,,,,41,41.3,28,27.6,,,,,,,,,,,,,,,,,,,,,,,,,,,,,,,,
263163,269,26,26.1,,C,,1,,0,,17,,,60,60.5,,,,,42,41.6,27,27.4,,,,,,,,,,,,,,,,,,,,,,,,,,,,,,,,
263163,270,26,26.1,,C,,1,,0,,15,,,61,61.3,,,,,43,42.9,28,28.5,,,,,,,,,,,,,,,,,,,,,,,,,,,,,,,,
423138,2049,52,52.2,,C,,1,,0,,14,,,47,47.4,,,,,49,49.1,19,19.1,,,,,,,,,,,,,,,,,,,,,,,,,,,,,,,,
423138,2050,52,52.2,,C,,1,,0,,11.3,,,47,47.3,,,,,49,48.8,19,18.7,,,,,,,,,,,,,,,,,,,,,,,,,,,,,,,,
280754,139,,52.2,,PP,,0,,1,,32.5,0,1,60,59.8,,12,,months,45,45.1,27,27.3,,,,,,,,,,,,,,,,,,,,,,,,,,,,,,,,
280754,140,,52.2,,PP,,0,,1,,24.7,0,1,60,59.8,,12,,months,45,45.1,27,27.3,,,,,,,,,,,,,,,,,,,,,,,,,,,,,,,,
296291,514,52,52.2,,PP,,0,,1,,21,,,,,,,,,,,,,,,,,,,,,,,,,,,,,,,,,,,,,,,,1,,,,
296291,516,52,52.2,,PP,,0,,1,,15,,,,,,,,,,,,,,,,,,,,,,,,,,,,,,,,,,,,,,,,1,,,,
296291,515,52,52.2,,PP,,0,,1,,20,,,,,,,,,,,,,,,,,,,,,,,,,,,,,,,,,,,,,,,,1,,,,
319572,620,,,,PP,,0,,1,,7,,,,,,,,,,,97,97.1,,,,,,,,,,,,,,,,,,,,,,,,,,,,,,,,
319572,619,,,,PP,,0,,1,,21,,,,,,,,,,,97,97.1,,,,,,,,,,,,,,,,,,,,,,,,,,,,,,,,
437494,2365,52,52.2,,PP,,0,,1,,18.1,,,,,,,,,,,,,,,,,,,,,,,,,,,,,,,,,,,,,,,,,,,,
437494,2364,52,52.2,,PP,,0,,1,,20.8,,,,,,,,,,,,,,,,,,,,,,,,,,,,,,,,,,,,,,,,,,,,
436366,2665,52,52.2,,NCS,,0,,0,,16.7,,,,,,,,,32,31.8,,,,,,,,,,,,,,,,,,,,,,,,,,,,,,,,,,
436366,2666,52,52.2,,NCS,,0,,0,,9.7,,,,,,,,,32,31.6,,,,,,,,,,,,,,,,,,,,,,,,,,,,,,,,,,
436366,2664,52,52.2,,NCS,,0,,0,,22.7,,,,,,,,,32,31.9,,,,,,,,,,,,,,,,,,,,,,,,,,,,,,,,,,
436352,2788,,,,C,,1,,0,,12.2,,,,,,,,,,,,,,,,,,,,,,,,,,,,,,,,,,,,,,,,,,,,
436352,2789,,,,C,,1,,0,,1.6,,,,,,,,,,,,,,,,,,,,,,,,,,,,,,,,,,,,,,,,,,,,
437507,2245,,,,PP,,0,,1,,57.1,,,,,,,,,,,,,,,,,,,,,,,,,,,,,,,,,,,,,,,,1,,,,
437507,2246,,,,PP,,0,,1,,31.3,,,,,,,,,,,,,,,,,,,,,,,,,,,,,,,,,,,,,,,,1,,,,
437539,2296,,,,NCS,,0,,0,,37.9,,,,,,,,,54,53.6,19,19.4,,,,,,,,,,,,,,,,,,,,,,,,,,,,,,,,
437539,2297,,,,NCS,,0,,0,,12.5,,,,,,,,,54,53.6,18,17.6,,,,,,,,,,,,,,,,,,,,,,,,,,,,,,,,
263139,235,52,52.2,,PP,,0,,1,,8.8,,,,,,,,,47,47.1,,,,,,,,,,,,,,,,,,,,,,,,,,,,,,,,,,
263139,233,52,52.2,,PP,,0,,1,,9.9,,,,,,,,,48,47.5,,,,,,,,,,,,,,,,,,,,,,,,,,,,,,,,,,
263139,234,52,52.2,,PP,,0,,1,,10,,,,,,,,,48,47.9,,,,,,,,,,,,,,,,,,,,,,,,,,,,,,,,,,
296470,846,104,104.4,,PP,,0,,1,,18.5,,,,,,,,,,,,,,,,,,,,,,,,,,,,,,,,,,,,,,,,,,,,
296470,845,104,104.4,,PP,,0,,1,,25.4,,,,,,,,,,,,,,,,,,,,,,,,,,,,,,,,,,,,,,,,,,,,
437560,2792,26,26.1,,PP,,0,,1,,12.5,,,7,6.8,,,,,,,18,17.6,,,,,,,,,,,,,,,,,,,,,,,,,,,,,,,,
437560,2793,26,26.1,,PP,,0,,1,,13.5,,,5,4.8,,,,,55,55.1,20,20.1,,,,,,,,,,,,,,,,,,,,,,,,,,,,,,,,
437560,2791,26,26.1,,PP,,0,,1,,12.9,,,,,,,,,54,54.2,18,18.3,,,,,,,,,,,,,,,,,,,,,,,,,,,,,,,,
437560,2790,26,26.1,,PP,,0,,1,,14.7,,,5,5.1,,,,,54,53.7,18,17.7,,,,,,,,,,,,,,,,,,,,,,,,,,,,,,,,
423237,2117,,,,C,,1,,0,,28.3,,,,,,,,,28,27.6,15,14.6,,,,,,,,,,,,,,,,,,,,,,,,,,,,1,,,,
423237,2118,,,,C,,1,,0,,20.8,,,,,,,,,28,28.1,15,14.7,,,,,,,,,,,,,,,,,,,,,,,,,,,,1,,,,
296424,800,52,52.2,,PP,,0,,1,,21,,,,,,,,,39,39.3,20,20.1,,,,,,,,,,,,,,,,,,,,,,,,,,,,,,1,,
296424,802,52,52.2,,PP,,0,,1,,16,,,,,,,,,40,39.8,20,20.1,,,,,,,,,,,,,,,,,,,,,,,,,,,,,,1,,
296424,801,52,52.2,,PP,,0,,1,,16,,,,,,,,,40,39.9,20,20.1,,,,,,,,,,,,,,,,,,,,,,,,,,,,,,1,,
296424,803,52,52.2,,PP,,0,,1,,21,,,,,,,,,41,40.6,20,20.1,,,,,,,,,,,,,,,,,,,,,,,,,,,,,,1,,
263090,169,26,26.1,,PP,,0,,1,,8,,,,,,,,,39,39.3,20,20.4,,,,,,,,,,,,,,,,,,,,,,,,,,,,,,,,
263090,170,26,26.1,,PP,,0,,1,,15.8,,,,,,,,,40,40.1,21,20.6,,,,,,,,,,,,,,,,,,,,,,,,,,,,,,,,
319603,677,52,52.2,,PP,,0,,1,,14.5,,,58,58.3,,,,,20,19.5,16,15.6,,,,,,,,,,,,,,,,,,,,,,,,,,,,,,,,
319603,676,52,52.2,,PP,,0,,1,,17.9,,,60,60.3,,,,,19,19.4,15,15.4,,,,,,,,,,,,,,,,,,,,,,,,,,,,,,,,
437433,2217,52,52.2,,PP,,0,,1,,11.32,,,29,28.75,,,,,,,,,,,,,,,,,,,,,,,,,,,,,,,,,,,,,,,,
437433,2216,52,52.2,,PP,,0,,1,,25.62,,,29,28.93,,,,,,,,,,,,,,,,,,,,,,,,,,,,,,,,,,,,,,,,
437485,2315,52,52.2,,PP,,0,,1,,14.9,,,75,75.2,,,,,,,,,,,,,,,,,,,,,,,,,,,,,,,,,,,,,,,,
437485,2316,52,52.2,,PP,,0,,1,,7.8,,,72,72.1,,,,,,,,,,,,,,,,,,,,,,,,,,,,,,,,,,,,,,,,
437464,2295,52,52.2,,PP,,0,,1,,20.6,,,,,,,,,36,35.6,,,,,,,,,,,,,,,,,,,,,,,,,,,,,,,,,,
437464,2294,52,52.2,,PP,,0,,1,,20.9,,,66,65.7,,,,,36,36.2,,,,,,,,,,,,,,,,,,,,,,,,,,,,,,,,,,
296485,858,26,26.1,,PP,,0,,1,,13.9,,,,,,,,,43,42.81,20,19.75,,,,,,,,,,,,,,,,,,,,,,,,,,,,,,,,
296485,857,26,26.1,,PP,,0,,1,,19.9,,,,,,,,,42,41.76,20,19.58,,,,,,,,,,,,,,,,,,,,,,,,,,,,,,,,
319594,661,30,30.45,,C,,1,,0,,14,,,,,,,,,20,19.7,,,,,,,,,,,,,,,,,,,,,,,,,,,,,,,,,,
319594,660,30,30.45,,C,,1,,0,,19,,,,,,,,,20,19.7,,,,,,,,,,,,,,,,,,,,,,,,,,,,,,,,,,
423108,2063,26,26.1,,C,,1,,0,,40.6,,,,,,,,,57,56.54,22,22.19,,,,,,,,,,,,,,,,,,,,,,,,,,,,,,,,
423108,2065,26,26.1,,C,,1,,0,,31.5,,,,,,,,,56,56.09,20,19.71,,,,,,,,,,,,,,,,,,,,,,,,,,,,,,,,
423108,2064,26,26.1,,C,,1,,0,,42.2,,,,,,,,,55,55.31,21,21.13,,,,,,,,,,,,,,,,,,,,,,,,,,,,,,,,
263263,383,26,26.1,,PP,,0,,1,,6.4,,,,,,,,,40,39.9,26,26.3,,,,,,,,,,,,,,,,,,,,,,,,,,,,,,,,
263263,384,26,26.1,,PP,,0,,1,,5.8,,,,,,,,,40,40.3,27,27.2,,,,,,,,,,,,,,,,,,,,,,,,,,,,,,,,
423252,2138,,,,C,,1,,0,,16,,,,,,,,,26,25.5,17,16.8,,,,,,,,,,,,,,,,,,,,,,,,,,,,,,,,
423252,2139,,,,C,,1,,0,,27,,,,,,,,,24,24.3,17,17.1,,,,,,,,,,,,,,,,,,,,,,,,,,,,,,,,
423092,2076,,,,PP,,0,,1,,26,,,55,54.9,,52,,weeks,47,46.9,,,,,,,,,,,,,,,,,,,,,,,,,,,,,,,,,,
423092,2077,,,,PP,,0,,1,,21.7,,,,,,52,,weeks,46,45.9,17,16.9,,,,,,,,,,,,,,,,,,,,,,,,,,,,,,,,
423092,2075,,,,PP,,0,,1,,20.3,,,47,47.1,,52,,weeks,46,46.4,17,17.4,,,,,,,,,,,,,,,,,,,,,,,,,,,,,,,,
296305,547,78,78.3,,PP,,0,,1,,10.2,,,,,,,,,39,38.9,,,,,,,,,,,,,,,,,,,,,,,,,,,,,,,,,,
296305,546,78,78.3,,PP,,0,,1,,13,,,,,,,,,,,22,21.7,,,,,,,,,,,,,,,,,,,,,,,,,,,,,,,,
296305,548,78,78.3,,PP,,0,,1,,14.4,,,,,,,,,38,38.5,19,18.9,,,,,,,,,,,,,,,,,,,,,,,,,,,,,,,,
296305,549,78,78.3,,PP,,0,,1,,12.6,,,,,,,,,39,38.7,20,20.1,,,,,,,,,,,,,,,,,,,,,,,,,,,,,,,,
263127,211,,,,PP,,0,,1,,45,,,,,,,,,57,56.7,20,20.5,,,,,,,,,,,,,,,,,,,,,,,,,,,,,,,,
263127,213,,,,PP,,0,,1,,40,,,,,,,,,57,56.7,20,20.5,,,,,,,,,,,,,,,,,,,,,,,,,,,,,,,,
263127,212,,,,PP,,0,,1,,55,,,,,,,,,57,56.7,20,20.5,,,,,,,,,,,,,,,,,,,,,,,,,,,,,,,,
263127,214,,,,PP,,0,,1,,36,,,,,,,,,57,56.7,20,20.5,,,,,,,,,,,,,,,,,,,,,,,,,,,,,,,,
296338,437,4,52.2,,PP,,0,,1,,50,,,,,,1,,year,,,,,,,,,,,,,,,,,,,,,,,,,,,,,78,32,,,,,,
296338,438,4,52.2,,PP,,0,,1,,29,,,,,,1,,year,,,,,,,,,,,,,,,,,,,,,,,,,,,,,72,35,,,,,,
437574,2674,26,26.1,,PP,,0,,1,,40.7,,,59,59.3,,,,,49,48.8,16,15.5,,,,,,,,,,,,,,,,,,,,,,,,,,,,,,1,,
437574,2675,26,26.1,,PP,,0,,1,,44.6,,,61,60.7,,,,,51,51.1,15,15.4,,,,,,,,,,,,,,,,,,,,,,,,,,,,,,1,,
437469,2335,,,,PP,,0,,1,,15.7,,,56,56.2,,,,,,,14,13.5,,,,,,,,,,,,,,,,,,,,,,,,,,,,,,,,
437469,2336,,,,PP,,0,,1,,10.5,,,45,45.1,,,,,,,13,13.2,,,,,,,,,,,,,,,,,,,,,,,,,,,,,,,,
263074,146,,,,PP,,0,,1,,9.1,,,54,54.5,,,,,48,48.3,,,,,,,,,,,,,,,,,,,,,,,,,,,,,,,,,,
263074,145,,,,PP,,0,,1,,14.8,,,44,44.4,,,,,47,47.19,,,,,,,,,,,,,,,,,,,,,,,,,,,,,,,,,,
263192,298,39,39.15,,PP,,0,,1,,12,,,,,,,,,53,52.9,25,25.2,,,,,,,,,,,,,,,,,,,,,,,,,,,,,,,,
263192,299,39,39.15,,PP,,0,,1,,3,,,,,,,,,52,52.3,29,29.3,,,,,,,,,,,,,,,,,,,,,,,,,,,,,,,,
296287,513,26,26.1,,C,,1,,0,,18.6,,,,,,,,,41,40.9,24,24.2,,,,,,,,,,,,,,,,,,,,,,,,,,,,,,,,
296287,512,26,26.1,,C,,1,,0,,26.7,,,,,,,,,43,42.6,,,,,,,,,,,,,,,,,,,,,,,,,,,,,,,,,,
263047,98,,52.2,,PP,,0,,1,,7,,,,,,12,,months,40,39.7,18,17.6,,,,,,,,,,,,,,,,,,,,,,,,,,,,,,,,
263047,97,,52.2,,PP,,0,,1,,20,,,,,,12,,months,40,39.5,17,16.6,,,,,,,,,,,,,,,,,,,,,,,,,,,,,,,,
437546,2363,,,,C,,1,,0,,0,,,30,29.8,,,,,43,42.7,,,,,,,,,,,,,,,,,,,,,,,,,,,,,,,,,,
437546,2362,,,,C,,1,,0,,13,,,30,29.8,,,,,43,42.7,,,,,,,,,,,,,,,,,,,,,,,,,,,,,,,,,,
278612,113,,26.1,,C,,1,,0,,9.3,,,64,63.5,,6,,months,38,37.8,18,18.5,,,,,,,,,,,,,,,,,,,,,,,,,,,,,,,,
278612,112,,26.1,,C,,1,,0,,9.1,,,65,64.7,,6,,months,38,37.8,18,17.8,,,,,,,,,,,,,,,,,,,,,,,,,,,,,,,,
263225,332,26,26.1,,PP,,0,,1,,15,,,,,,,,,26,25.8,18,18.43,,,,,,,,,,,,,,,,,,,,,,,,,,,,1,,,,
263225,331,26,26.1,,PP,,0,,1,,15,,,,,,,,,26,25.65,15,14.89,,,,,,,,,,,,,,,,,,,,,,,,,,,,1,,,,
263259,374,52,52.2,,PP,,0,,1,,29,,,,,,,,,,,,,,,,,,,,,,,,,,,,,,,,,,,,,,,,,,,,
263259,375,52,52.2,,PP,,0,,1,,20,,,,,,,,,,,,,,,,,,,,,,,,,,,,,,,,,,,,,,,,,,,,
437529,2284,,,,PP,,0,,1,,15,,,,,,,,,59,58.6,21,21.4,,,,,,,,,,,,,,,,,,,,,,,,,,,,,,,,
437529,2283,,,,PP,,0,,1,,23.8,,,,,,,,,57,57.4,21,21.4,,,,,,,,,,,,,,,,,,,,,,,,,,,,,,,,
296319,589,26,26.1,,PP,,0,,1,,19,,,,,,,,,40,40.3,,,,,,,,,,,,,,,,,,,,,,,,,,,,,,,,,,
296319,590,26,26.1,,PP,,0,,1,,8,,,,,,,,,41,40.8,,,,,,,,,,,,,,,,,,,,,,,,,,,,,,,,,,
296255,454,,,,pp,,0,,1,,3.4,,,57,57.1,,,,,,,,,,,,,,,,,,,,,,,,,,,,,,,,,,,,,,,,
296255,457,,,,pp,,0,,1,,2.2,,,53,53.2,,,,,,,,,,,,,,,,,,,,,,,,,,,,,,,,,,,,,,,,
296255,455,,,,pp,,0,,1,,3.1,,,57,57.2,,,,,,,,,,,,,,,,,,,,,,,,,,,,,,,,,,,,,,,,
296255,456,,,,pp,,0,,1,,3.4,,,56,55.8,,,,,,,,,,,,,,,,,,,,,,,,,,,,,,,,,,,,,,,,
321137,730,4,4.35,,PP,,0,,1,,3.5,,,61,61.2,,,,,47,47.45,17,17.25,,,,,,,,,,,,,,,,,,,,,,,,,,,,,,,,
321137,731,4,4.35,,PP,,0,,1,,2.5,,,63,63.2,,,,,50,49.63,18,18.12,,,,,,,,,,,,,,,,,,,,,,,,,,,,,,,,
321137,732,4,4.35,,PP,,0,,1,,2.7,,,63,63.4,,,,,47,46.97,16,16.25,,,,,,,,,,,,,,,,,,,,,,,,,,,,,,,,
280756,188,52,52.2,,pp,,0,,1,,18.2,,,,,,,,,,,,,,,,,,,,,,,,,,,,,,,,,,,,,,,,,,,,
280756,189,52,52.2,,pp,,0,,1,,60,,,,,,,,,,,,,,,,,,,,,,,,,,,,,,,,,,,,,,,,,,,,
319585,640,26,26.1,,NCS,,0,,0,,2.5,,,58,58.5,,,,,18,17.7,,,,,,,,,,,,,,,,,,,,,,,,,,,,,,,,,,
319585,641,26,26.1,,NCS,,0,,0,,2.9,,,56,55.9,,,,,,,,,,,,,,,,,,,,,,,,,,,,,,,,,,,,,,,,
437522,2265,,,,PP,,0,,1,,0,,,,,,,,,,,11,10.8,,,,,,,,,,,,,,,,,,,,,,,,,,,,,,,,
437522,2264,,,,PP,,0,,1,,15,,,,,,,,,,,15,15.3,,,,,,,,,,,,,,,,,,,,,,,,,,,,,,,,
296344,422,26,26.1,,C,,1,,0,,31,,,,,,,,,,,,,,,,,,,,,,,,,,,,,,,,,,,,,,,,,,,,
296344,421,26,26.1,,C,,1,,0,,47,,,,,,,,,,,,,,,,,,,,,,,,,,,,,,,,,,,,,,,,,,,,
437497,2326,26,26.1,,PP,,0,,1,,24,,,,,,,,,26,26.3,10,9.5,,,,,,,,,,,,,,,,,,,,,,,,,,,,,,,,
437497,2327,26,26.1,,PP,,0,,1,,24,,,,,,,,,26,25.6,8,7.7,,,,,,,,,,,,,,,,,,,,,,,,,,,,,,,,
263202,307,26,26.1,,PP,,0,,1,,0,,,30,30.2,,,,,,,26,25.5,,,,,,,,,,,,,,,,,,,,,,,,,,,,,,,,
263202,308,26,26.1,,PP,,0,,1,,6,,,,,,,,,,,30,30.5,,,,,,,,,,,,,,,,,,,,,,,,,,,,,,,,
263141,239,52,52.2,,PP,,0,,1,,16.7,0,1,,,,,,,40,39.5,19,19.3,,,,,,,,,,,,,,,,,,,,,,,,,,,,,,,,
263141,238,52,52.2,,PP,,0,,1,,26.2,0,1,,,,,,,40,39.5,19,19.3,,,,,,,,,,,,,,,,,,,,,,,,,,,,,,,,
263122,207,,,,PP,,0,,1,,42,,,46,46.3,,,,,39,38.9,19,18.7,,,,,,,,,,,,,,,,,,,,,,,,,,,,,,,,
263122,206,,,,PP,,0,,1,,18,,,38,38.5,,,,,36,36.1,20,20.4,,,,,,,,,,,,,,,,,,,,,,,,,,,,,,,,
263122,208,,,,PP,,0,,1,,30,,,42,42.5,,,,,39,38.8,19,18.8,,,,,,,,,,,,,,,,,,,,,,,,,,,,,,,,
263122,205,,,,PP,,0,,1,,50,,,38,37.5,,,,,40,40.2,19,18.8,,,,,,,,,,,,,,,,,,,,,,,,,,,,,,,,
296425,804,26,26.1,,C,,1,,0,,3.2,,,55,55.1,,,,,44,44.4,18,17.8,,,,,,,,,,,,,,,,,,,,,,,,,,,,,,,,
296425,805,26,26.1,,C,,1,,0,,2.7,,,57,56.8,,,,,45,44.8,18,17.7,,,,,,,,,,,,,,,,,,,,,,,,,,,,,,,,
319584,639,9,8.7,,PP,,0,,1,,68.6,,,60,59.6,,,,,,,,,,,,,,,,,,,,,,,,,,,,,,,,,,,,,,,,
319584,638,9,8.7,,PP,,0,,1,,72.8,,,59,58.9,,,,,,,,,,,,,,,,,,,,,,,,,,,,,,,,,,,,,,,,
296460,834,39,39.15,,NCS,,0,,0,,10,,,,,,,,,,,28,27.6,,,,,,,,,,,,,,,,,,,,,,,,,,,,,,,,
296460,836,39,39.15,,NCS,,0,,0,,7,,,,,,,,,,,28,27.6,,,,,,,,,,,,,,,,,,,,,,,,,,,,,,,,
296460,835,39,39.15,,NCS,,0,,0,,18,,,,,,,,,,,28,27.6,,,,,,,,,,,,,,,,,,,,,,,,,,,,,,,,
437527,2270,52,52.2,,PP,,0,,1,,15.2,,,86,85.9,,,,,33,32.7,12,12.2,,,,,,,,,,,,,,,,,,,,,,,,,,,,,,,,
437527,2271,52,52.2,,PP,,0,,1,,6.7,,,81,81.1,,,,,34,33.9,11,10.7,,,,,,,,,,,,,,,,,,,,,,,,,,,,,,,,
423086,1926,,,,PP,,0,,1,,45,,,,,,,,,,,,,,,,,,,,,,,,,,,,,,,,,,,,,,,,,,,,
423086,1927,,,,PP,,0,,1,,13,,,,,,,,,,,,,,,,,,,,,,,,,,,,,,,,,,,,,,,,,,,,
296293,520,26,26.1,,PP,,0,,1,,20,,,,,,,,,45,45.4,11,11.1,,,,,,,,,,,,,,,,,,,,,,,,,,,,,,,,
296293,519,26,26.1,,PP,,0,,1,,11,,,,,,,,,44,43.5,,,,,,,,,,,,,,,,,,,,,,,,,,,,,,,,,,
319589,651,26,26.1,,PP,,0,,1,,23,,,,,,,,,,,,,,,,,,,,,,,,,,,,,,,,,,,,,,,,,,,,
319589,652,26,26.1,,PP,,0,,1,,12,,,,,,,,,15,15.1,,,,,,,,,,,,,,,,,,,,,,,,,,,,,,,,,,
437577,2686,,,,PP,,0,,1,,39.9,,,,,,,,,55,54.7,22,21.9,,,,,,,,,,,,,,,,,,,,,,,,,,,,,,,,
437577,2687,,,,PP,,0,,1,,29.1,,,,,,,,,55,55.3,,,,,,,,,,,,,,,,,,,,,,,,,,,,,,,,,,
423076,1999,52,52.2,,PP,,0,,1,,3.7,,,,,,,,,38,37.87,20,19.95,,,,,,,,,,,,,,,,,,,,,,,,,,,,,,,,
423076,2000,52,52.2,,PP,,0,,1,,1.8,,,,,,,,,37,37.28,19,18.99,,,,,,,,,,,,,,,,,,,,,,,,,,,,,,,,
423088,1930,26,26.1,,C,,1,,0,,0,,,,,,,,,53,53.2,,,,,,,,,,,,,,,,,,,,,,,,,,,,,,,,,,
423088,1931,26,26.1,,C,,1,,0,,0,,,,,,,,,54,54.3,18,18.2,,,,,,,,,,,,,,,,,,,,,,,,,,,,,,,,
263050,118,,26.1,,PP,,0,,1,,5,0,1,63,62.8,,6,,months,36,35.5,17,16.86,,,,,,,,,,,,,,,,,,,,,,,,,,,,,,,,
263050,117,,26.1,,PP,,0,,1,,11.1,0,1,69,68.7,,6,,months,36,35.9,18,17.68,,,,,,,,,,,,,,,,,,,,,,,,,,,,,,,,
437579,2352,,,,NCS,,0,,0,,47.4,,,,,,,,,,,,,,,,,,,,,,,,,,,,,,,,,,,,,,,,,,,,
437579,2357,,,,NCS,,0,,0,,47.4,,,,,,,,,,,,,,,,,,,,,,,,,,,,,,,,,,,,,,,,,,,,
437579,2353,,,,NCS,,0,,0,,21.1,,,,,,,,,,,,,,,,,,,,,,,,,,,,,,,,,,,,,,,,,,,,
263093,171,,,,PP,,0,,1,,10,,,,,,,,,42,41.65,16,15.75,,,,,,,,,,,,,,,,,,,,,,,,,,,,,,,,
263093,172,,,,PP,,0,,1,,5,,,,,,,,,42,41.65,16,15.75,,,,,,,,,,,,,,,,,,,,,,,,,,,,,,,,
252894,13,,26.1,,PP,,0,,1,,17.8,,,54,54.5,,6,,months,61,60.9,,,,,,,,,,,,,,,,,,,,,,,,,,,,,,,,,,
252894,48,,26.1,,PP,,0,,1,,1,,,58,57.6,,6,,months,60,59.5,21,20.9,,,,,,,,,,,,,,,,,,,,,,,,,,,,,,,,
423127,1952,,,,PP,,0,,1,,13,,,55,54.9,,,,,,,20,19.9,,,,,,,,,,,,,,,,,,,,,,,,,,,,,,,,
423127,1953,,,,PP,,0,,1,,15.5,,,55,54.9,,,,,,,20,19.9,,,,,,,,,,,,,,,,,,,,,,,,,,,,,,,,
423127,1954,,,,PP,,0,,1,,19.1,,,55,54.9,,,,,,,20,19.9,,,,,,,,,,,,,,,,,,,,,,,,,,,,,,,,
263229,341,52,52.2,,C,,1,,0,,20.7,,,,,,,,,40,40.36,16,16.41,,,,,,,,,,,,,,,,,,,,,,,,,,,,,,,,
263229,338,52,52.2,,C,,1,,0,,32.8,,,,,,,,,42,41.96,17,17.04,,,,,,,,,,,,,,,,,,,,,,,,,,,,,,,,
263229,339,52,52.2,,C,,1,,0,,19,,,,,,,,,43,43.47,17,16.71,,,,,,,,,,,,,,,,,,,,,,,,,,,,,,,,
263229,340,52,52.2,,C,,1,,0,,27.6,,,,,,,,,43,43.45,17,16.88,,,,,,,,,,,,,,,,,,,,,,,,,,,,,,,,
437438,2244,26,26.1,,PP,,0,,1,,8,,,,,,,,,35,35.4,14,13.9,,,,,,,,,,,,,,,,,,,,,,,,,,,,,,,,
437438,2243,26,26.1,,PP,,0,,1,,8,,,,,,,,,36,36.2,15,14.8,,,,,,,,,,,,,,,,,,,,,,,,,,,,,,,,
296486,860,26,26.1,,C,,1,,0,,5.1,,,46,45.9,,,,,,,,,,,,,,,,,,,,,,,,,,,,,,,,,,,,,,,,
296486,859,26,26.1,,C,,1,,0,,5,,,47,46.6,,,,,,,,,,,,,,,,,,,,,,,,,,,,,,,,,,,,,,,,
423106,2059,52,52.2,,PP,,0,,1,,6.6,,,,,,,,,42,41.6,30,29.9,,,,,,,,,,,,,,,,,,,,,,,,,,,,,,,,
423106,2060,52,52.2,,PP,,0,,1,,6.2,,,,,,,,,42,41.6,27,27.2,,,,,,,,,,,,,,,,,,,,,,,,,,,,,,,,
423110,2069,26,26.1,,PP,,0,,1,,22,,,,,,,,,39,38.6,,,,,,,,,,,,,,,,,,,,,,,,,,,,,,,,,,
423110,2068,26,26.1,,PP,,0,,1,,31,,,,,,,,,40,39.6,,,,,,,,,,,,,,,,,,,,,,,,,,,,,,,,,,
436348,2622,26,26.1,,PP,,0,,1,,27.7,,,,,,,,,,,,,,,,,,,,,,,,,,,,,,,,,,,,,,,,,,,,
436348,2621,26,26.1,,PP,,0,,1,,27.7,,,,,,,,,,,,,,,,,,,,,,,,,,,,,,,,,,,,,,,,,,,,
296479,854,26,26.1,,C,,1,,0,,13.7,,,67,66.9,,,,,38,37.7,21,20.6,,,,,,,,,,,,,,,,,,,,,,,,,,,,,,,,
296479,853,26,26.1,,C,,1,,0,,14.5,,,65,64.8,,,,,38,38.4,20,20.5,,,,,,,,,,,,,,,,,,,,,,,,,,,,,,,,
423075,1997,,,,PP,,0,,1,,74,,,,,,,,,,,,,,,,,,,,,,,,,,,,,,,,,,,,,,,,,,,,
423075,1998,,,,PP,,0,,1,,30,,,,,,,,,,,8,7.5,,,,,,,,,,,,,,,,,,,,,,,,,,,,,,,,
263292,148,26,26.1,,NCS,,0,,0,,28.9,,,49,48.9,,,,,,,,,,,,,,,,,,,,,,,,,,,,,,,,,,,,,,,,
263292,147,26,26.1,,NCS,,0,,0,,32.7,,,35,34.7,,,,,,,,,,,,,,,,,,,,,,,,,,,,,,,,,,,,,,,,
252909,81,,52.2,,C,,1,,0,,3.1,,,,,,12,,months,,,,,,,,,,,,,,,,,,,,,,,,,,,,,,,,,,,,
252909,82,,52.2,,C,,1,,0,,3.1,,,,,,12,,months,,,,,,,,,,,,,,,,,,,,,,,,,,,,,,,,,,,,
252909,80,,52.2,,C,,1,,0,,4.3,,,,,,12,,months,,,,,,,,,,,,,,,,,,,,,,,,,,,,,,,,,,,,
263257,371,26,26.1,,PP,,0,,1,,15.5,,,34,34.5,,,,,20,20.35,48,47.86,,,,,,,,,,,,,,,,,,,,,,,,,,,,,,,,
263257,373,26,26.1,,PP,,0,,1,,17.9,,,,,,,,,21,20.64,45,44.76,,,,,,,,,,,,,,,,,,,,,,,,,,,,,,,,
263257,370,26,26.1,,PP,,0,,1,,22.2,,,46,45.7,,,,,20,20.42,46,46.44,,,,,,,,,,,,,,,,,,,,,,,,,,,,,,,,
263257,372,26,26.1,,PP,,0,,1,,9.8,,,52,52.4,,,,,21,20.77,47,46.63,,,,,,,,,,,,,,,,,,,,,,,,,,,,,,,,
423107,2061,26,26.1,,C,,1,,0,,16.7,,,,,,,,,46,46.5,22,21.8,,,,,,,,,,,,,,,,,,,,,,,,,,,,,,,,
423107,2062,26,26.1,,C,,1,,0,,15.5,,,,,,,,,,,20,19.8,,,,,,,,,,,,,,,,,,,,,,,,,,,,,,,,
296324,603,57,56.55,,C,,1,,0,,0.8,,,52,51.5,,,,,44,44.4,19,18.9,,,,,,,,,,,,,,,,,,,,,,,,,,,,,,,,
296324,602,57,56.55,,C,,1,,0,,1.4,,,50,49.8,,,,,45,45.4,20,19.9,,,,,,,,,,,,,,,,,,,,,,,,,,,,,,,,
296441,826,30,30.45,,PP,,0,,1,,8.9,,,,,,,,,,,,,,,,,,,,,,,,,,,,,,,,,,,,,,,,,,,,
296441,828,30,30.45,,PP,,0,,1,,10.8,,,,,,,,,,,,,,,,,,,,,,,,,,,,,,,,,,,,,,,,,,,,
296441,827,30,30.45,,PP,,0,,1,,10.2,,,,,,,,,,,,,,,,,,,,,,,,,,,,,,,,,,,,,,,,,,,,
263218,324,26,26.1,,PP,,0,,1,,32,,,,,,,,,55,55.4,21,20.6,,,,,,,,,,,,,,,,,,,,,,,,,,,,,,,,
263218,323,26,26.1,,PP,,0,,1,,32,,,,,,,,,56,56.4,18,18.5,,,,,,,,,,,,,,,,,,,,,,,,,,,,,,,,
252897,53,,52.2,,PP,,0,,1,,7.3,,,62,61.6,,12,,months,36,35.6,,,,,,,,,,,,,,,,,,,,,,,,,,,,,,,,,,
252897,52,,52.2,,PP,,0,,1,,13.4,,,58,58.4,,12,,months,36,35.8,,,,,,,,,,,,,,,,,,,,,,,,,,,,,,,,,,
296372,755,4,4.35,,C,,1,,0,,0.9,,,,,,,,,,,,,,,,,,,,,,,,,,,,,,,,,,,,,,,,,,,,
296372,753,4,4.35,,C,,1,,0,,3.6,,,,,,,,,,,,,,,,,,,,,,,,,,,,,,,,,,,,,,,,,,,,
296313,569,26,26.1,,PP,,0,,1,,6.5,,,57,57.2,,,,,,,15,15.4,,,,,,,,,,,,,,,,,,,,,,,,,,,,,,,,
296313,568,26,26.1,,PP,,0,,1,,6.7,,,61,61.2,,,,,,,16,16.1,,,,,,,,,,,,,,,,,,,,,,,,,,,,,,,,
437509,2250,39,39.15,,PP,,0,,1,,13.9,,,,,,,,,,,,,,,,,,,,,,,,,,,,,,,,,,,,,,,,,,,,
437509,2251,39,39.15,,PP,,0,,1,,11,,,,,,,,,,,,,,,,,,,,,,,,,,,,,,,,,,,,,,,,,,,,
437509,2249,39,39.15,,PP,,0,,1,,14,,,,,,,,,,,,,,,,,,,,,,,,,,,,,,,,,,,,,,,,,,,,
437509,2252,39,39.15,,PP,,0,,1,,12.4,,,,,,,,,,,,,,,,,,,,,,,,,,,,,,,,,,,,,,,,,,,,
423481,1973,26,26.1,,PP,,0,,1,,2,,,,,,,,,,,12,12.5,,,,,,,,,,,,,,,,,,,,,,,,,,,,,,,,
423481,1972,26,26.1,,PP,,0,,1,,2,,,,,,,,,,,12,12.3,,,,,,,,,,,,,,,,,,,,,,,,,,,,,,,,
263183,289,52,52.2,,PP,,0,,1,,26,,,,,,,,,42,41.5,,,,,,,,,,,,,,,,,,,,,,,,,,,,,,,,,,
263183,288,52,52.2,,PP,,0,,1,,27,,,,,,,,,40,40.5,,,,,,,,,,,,,,,,,,,,,,,,,,,,,,,,,,
263183,287,52,52.2,,PP,,0,,1,,27,,,,,,,,,44,43.6,,,,,,,,,,,,,,,,,,,,,,,,,,,,,,,,,,
263157,259,,,,PP,,0,,1,,13.7,,,,,,,,,42,41.5,21,21.3,,,,,,,,,,,,,,,,,,,,,,,,,,,,,,,,
263157,260,,,,PP,,0,,1,,12.6,,,,,,,,,42,41.5,21,21.3,,,,,,,,,,,,,,,,,,,,,,,,,,,,,,,,
296284,506,52,52.2,,PP,,0,,1,,4.2,,,,,,,,,,,19,18.74,,,,,,,,,,,,,,,,,,,,,,,,,,,,,,,,
296284,505,52,52.2,,PP,,0,,1,,5.1,,,,,,,,,,,19,18.76,,,,,,,,,,,,,,,,,,,,,,,,,,,,,,,,
263227,334,52,52.2,,C,,1,,0,,21,,,,,,,,,44,44.3,21,20.8,,,,,,,,,,,,,,,,,,,,,,,,,,,,,,,,
263227,333,52,52.2,,C,,1,,0,,13,,,,,,,,,46,45.7,22,22.3,,,,,,,,,,,,,,,,,,,,,,,,,,,,,,,,
263227,335,52,52.2,,C,,1,,0,,9,,,,,,,,,44,43.6,,,,,,,,,,,,,,,,,,,,,,,,,,,,,,,,,,
263278,399,52,52.2,,PP,,0,,1,,28,,,,,,,,,,,,,,,,,,,,,,,,,,,,,,,,,,,,,,,,,,,,
263278,400,52,52.2,,PP,,0,,1,,24,,,,,,,,,,,,,,,,,,,,,,,,,,,,,,,,,,,,,,,,,,,,
296312,567,26,26.1,,PP,,0,,1,,19.2,,,,,,,,,,,,,,,,,,,,,,,,,,,,,,,,,,,,,,,,,,,,
296312,566,26,26.1,,PP,,0,,1,,21.7,,,,,,,,,,,,,,,,,,,,,,,,,,,,,,,,,,,,,,,,,,,,
423084,1915,26,26.1,,PP,,0,,1,,25,,,,,,,,,38,37.6,15,15.3,,,,,,,,,,,,,,,,,,,,,,,,,,,,,,1,,
423084,1914,26,26.1,,PP,,0,,1,,26,,,,,,,,,40,40.4,14,14.5,,,,,,,,,,,,,,,,,,,,,,,,,,,,,,1,,
423084,1916,26,26.1,,PP,,0,,1,,15,,,,,,,,,43,42.7,17,17.1,,,,,,,,,,,,,,,,,,,,,,,,,,,,,,1,,
296406,774,4,4.35,,C,,1,,0,,3.9,,,,,,,,,,,,,,,,,,,,,,,,,,,,,,,,,,,,,,,,,,,,
296406,775,4,4.35,,C,,1,,0,,2.7,,,,,,,,,,,,,,,,,,,,,,,,,,,,,,,,,,,,,,,,,,,,
423089,1933,,,,C,,1,,0,,26.7,,,,,,,,,,,,,,,,,,,,,,,,,,,,,,,,,,,,,,,,1,,1,,
423089,1932,,,,C,,1,,0,,21.3,,,,,,,,,,,,,,,,,,,,,,,,,,,,,,,,,,,,,,,,1,,1,,
296408,778,52,52.2,,NCS,,0,,0,,11,,,,,,,,,,,,,,,,,,,,,,,,,,,,,,,,,,,,,,,,,,,,
296408,777,52,52.2,,NCS,,0,,0,,14,,,,,,,,,,,,,,,,,,,,,,,,,,,,,,,,,,,,,,,,,,,,
296408,776,52,52.2,,NCS,,0,,0,,17,,,,,,,,,,,,,,,,,,,,,,,,,,,,,,,,,,,,,,,,,,,,
296384,765,52,52.2,,C,,1,,0,,12,,,,,,,,,32,32.3,,,,,,,,,,,,,,,,,,,,,,,,,,,,,,,,,,
296384,764,52,52.2,,C,,1,,0,,20,,,,,,,,,32,32.3,,,,,,,,,,,,,,,,,,,,,,,,,,,,,,,,,,
437541,2636,26,26.1,,NCS,,0,,0,,45.5,,,,,,,,,48,47.7,17,16.8,,,,,,,,,,,,,,,,,,,,,,,,,,,,,,,,
437541,2637,26,26.1,,NCS,,0,,0,,14.3,,,,,,,,,48,47.7,17,16.8,,,,,,,,,,,,,,,,,,,,,,,,,,,,,,,,
319599,669,78,78.3,,NCS,,0,,0,,23.3,,,,,,,,,16,16.4,,,,,,,,,,,,,,,,,,,,,,,,,,,,,,,,,,
319599,668,78,78.3,,NCS,,0,,0,,28.9,,,,,,,,,16,16.4,,,,,,,,,,,,,,,,,,,,,,,,,,,,,,,,,,
263285,403,26,26.1,,PP,,0,,1,,13.1,,,,,,,,,37,36.9,17,16.7,,,,,,,,,,,,,,,,,,,,,,,,,,,,,,,,
263285,404,26,26.1,,PP,,0,,1,,3.7,,,,,,,,,,,,,,,,,,,,,,,,,,,,,,,,,,,,,,,,,,,,
423070,1984,26,26.1,,PP,,0,,1,,13.76,,,,,,,,,,,,,,,,,,,,,,,,,,,,,,,,,,,,,,,,,,,,
423070,1983,26,26.1,,PP,,0,,1,,21.62,,,,,,,,,,,,,,,,,,,,,,,,,,,,,,,,,,,,,,,,,,,,
437456,2204,4,4.35,,C,,1,,0,,22,,,6,5.6,,,,,29,29.28,14,14.5,,,,,,,,,,,,,,,,,,,,,,,,,,,,,,,,
437456,2206,4,4.35,,C,,1,,0,,5.6,,,,,,,,,,,16,15.72,,,,,,,,,,,,,,,,,,,,,,,,,,,,,,,,
437456,2205,4,4.35,,C,,1,,0,,5.3,,,16,15.8,,,,,29,29.42,14,14.05,,,,,,,,,,,,,,,,,,,,,,,,,,,,,,,,
423254,1970,,4,,PP,,0,,1,,27.1,0,1,53,53.2,,4,,weeks,42,42.3,18,18.4,,,,,,,,,,,,,,,,,,,,,,,,,,,,,,,,
423254,1971,,4,,PP,,0,,1,,23.4,0,1,52,52.1,,4,,weeks,41,41.3,18,18.2,,,,,,,,,,,,,,,,,,,,,,,,,,,,,,,,
437530,2288,,,,PP,,0,,1,,0,,,,,,,,,54,54.3,72,72.5,,,,,,,,,,,,,,,,,,,,,,,,,,,,,,,,
437530,2289,,,,PP,,0,,1,,0,,,,,,,,,56,56.2,,,,,,,,,,,,,,,,,,,,,,,,,,,,,,,,,,
321132,726,52,52.2,,PP,,0,,1,,39.1,,,46,46.1,,,,,44,44.2,28,28.3,,,,,,,,,,,,,,,,,,,,,,,,,,,,,,,,
321132,725,52,52.2,,PP,,0,,1,,48,,,,,,,,,41,41.3,28,28.5,,,,,,,,,,,,,,,,,,,,,,,,,,,,,,,,
321139,734,52,52.2,,C,,1,,0,,28.1,,,34,34.3,,,,,45,45.3,38,38.1,,,,,,,,,,,,,,,,,,,,,,,,,,,,,,,,
321139,733,52,52.2,,C,,1,,0,,34.3,,,,,,,,,45,44.7,35,34.7,,,,,,,,,,,,,,,,,,,,,,,,,,,,,,,,
321139,736,52,52.2,,C,,1,,0,,19.4,,,53,52.8,,,,,44,44.5,34,34.2,,,,,,,,,,,,,,,,,,,,,,,,,,,,,,,,
321139,735,52,52.2,,C,,1,,0,,29.6,,,30,30.5,,,,,45,44.65,38,37.8,,,,,,,,,,,,,,,,,,,,,,,,,,,,,,,,
437491,2359,26,26.1,,PP,,0,,1,,20,,,38,37.8,,,,,51,51.1,21,21.2,,,,,,,,,,,,,,,,,,,,,,,,,,,,,,,,
437491,2358,26,26.1,,PP,,0,,1,,53.3,,,,,,,,,51,51.1,20,20.2,,,,,,,,,,,,,,,,,,,,,,,,,,,,,,,,
263247,360,52,52.2,,PP,,0,,1,,4.5,,,,,,,,,34,34.5,22,22.3,,,,,,,,,,,,,,,,,,,,,,,,,,,,,,,,
263247,359,52,52.2,,PP,,0,,1,,7.5,,,,,,,,,34,34.5,22,22.3,,,,,,,,,,,,,,,,,,,,,,,,,,,,,,,,
263247,361,52,52.2,,PP,,0,,1,,0,,,,,,,,,34,34.5,22,22.3,,,,,,,,,,,,,,,,,,,,,,,,,,,,,,,,
263247,362,52,52.2,,PP,,0,,1,,4.8,,,,,,,,,34,34.5,22,22.3,,,,,,,,,,,,,,,,,,,,,,,,,,,,,,,,
296294,521,104,104.4,,PP,,0,,1,,20,,,,,,,,,,,,,,,,,,,,,,,,,,,,,,,,,,,,,,,,,,,,
296294,522,104,104.4,,PP,,0,,1,,24,,,,,,,,,,,,,,,,,,,,,,,,,,,,,,,,,,,,,,,,,,,,
263041,106,,,,C,,1,,0,,12,,,,,,na,,,29,28.6,9,9.1,,,,,,,,,,,,,,,,,,,,,,,,,,,,1,,,,
263041,107,,,,C,,1,,0,,3,,,,,,na,,,28,28.4,8,7.7,,,,,,,,,,,,,,,,,,,,,,,,,,,,1,,,,
296476,851,104,104.4,,pp,,0,,1,,16,,,,,,,,,45,44.8,,,,,,,,,,,,,,,,,,,,,,,,,,,,,,,,,,
296476,852,104,104.4,,pp,,0,,1,,16.2,,,,,,,,,44,44.2,,,,,,,,,,,,,,,,,,,,,,,,,,,,,,,,,,
263112,186,52,52.2,,NCS,,0,,0,,26,,,,,,,,,47,47.3,26,26.5,,,,,,,,,,,,,,,,,,,,,,,,,,,,,,,,
263112,187,52,52.2,,NCS,,0,,0,,16,,,,,,,,,46,46.4,23,23.3,,,,,,,,,,,,,,,,,,,,,,,,,,,,,,,,
252903,62,,52.2,,NCS,,0,,0,,16,0,1,,,,1,,years,,,,,,,,,,,,,,,,,,,,,,,,,,,,,,,,,,,,
252903,63,,52.2,,NCS,,0,,0,,10,0,1,,,,1,,years,,,,,,,,,,,,,,,,,,,,,,,,,,,,,,,,,,,,
252903,64,,52.2,,NCS,,0,,0,,13,0,1,,,,1,,years,,,,,,,,,,,,,,,,,,,,,,,,,,,,,,,,,,,,
263056,128,,26.1,,PP,,0,,1,,9,0,1,,,,6,,months,24,24.4,13,13.4,,,,,,,,,,,,,,,,,,,,,,,,,,,,,,,,
263056,127,,26.1,,PP,,0,,1,,21,0,1,,,,6,,months,24,24.1,13,13.3,,,,,,,,,,,,,,,,,,,,,,,,,,,,,,,,
296298,530,26,26.1,,PP,,0,,1,,11,,,,,,,,,,,,,,,,,,,,,,,,,,,,,,,,,,,,,,,,,,,,
296298,529,26,26.1,,PP,,0,,1,,17,,,,,,,,,,,,,,,,,,,,,,,,,,,,,,,,,,,,,,,,,,,,
296298,531,26,26.1,,PP,,0,,1,,9.1,,,,,,,,,,,,,,,,,,,,,,,,,,,,,,,,,,,,,,,,,,,,
437461,2197,26,26.1,,PP,,0,,1,,13.8,,,61,60.6,,,,,45,44.9,17,17.4,,,,,,,,,,,,,,,,,,,,,,,,,,,,,,,,
437461,2196,26,26.1,,PP,,0,,1,,21.6,,,,,,,,,,,,,,,,,,,,,,,,,,,,,,,,,,,,,,,,,,,,
423115,2106,,,,PP,,0,,1,,6.5,,,45,45.2,,,,,44,44.5,19,18.7,,,,,,,,,,,,,,,,,,,,,,,,,,,,,,,,
423115,2105,,,,PP,,0,,1,,17.1,,,54,54.3,,,,,47,47.4,19,18.8,,,,,,,,,,,,,,,,,,,,,,,,,,,,,,,,
252908,79,,52.2,,NCS,,0,,0,,8,0,1,,,,12,,months,,,,,,,,,,,,,,,,,,,,,,,,,,,,,,,,,,,,
252908,78,,52.2,,NCS,,0,,0,,5,0,1,,,,12,,months,,,,,,,,,,,,,,,,,,,,,,,,,,,,,,,,,,,,
252908,77,,52.2,,NCS,,0,,0,,12,0,1,,,,12,,months,,,,,,,,,,,,,,,,,,,,,,,,,,,,,,,,,,,,
321141,738,26,26.1,,NCS,,0,,0,,16,,,,,,,,,,,,,,,,,,,,,,,,,,,,,,,,,,,,,,,,,,,,
321141,737,26,26.1,,NCS,,0,,0,,5,,,,,,,,,,,,,,,,,,,,,,,,,,,,,,,,,,,,,,,,,,,,
263117,194,26,26.1,,PP,,0,,1,,6,,,,,,,,,49,49.06,,,,,,,,,,,,,,,,,,,,,,,,,,,,,,,,,,
263117,193,26,26.1,,PP,,0,,1,,6.8,,,,,,,,,50,49.64,,,,,,,,,,,,,,,,,,,,,,,,,,,,,,,,,,
263117,192,26,26.1,,PP,,0,,1,,4.5,,,,,,,,,48,47.5,,,,,,,,,,,,,,,,,,,,,,,,,,,,,,,,,,
296405,772,13,13.05,,PP,,0,,1,,21.43,,,,,,,,,44,43.64,,,,,,,,,,,,,,,,,,,,,,,,,,,,,,,,,,
296405,773,13,13.05,,PP,,0,,1,,11.54,,,,,,,,,44,43.64,,,,,,,,,,,,,,,,,,,,,,,,,,,,,,,,,,
263149,245,26,26.1,,PP,,0,,1,,35,,,,,,,,,,,,,,,,,,,,,,,,,,,,,,,,,,,,,,,,,,,,
263149,246,26,26.1,,PP,,0,,1,,36,,,,,,,,,,,,,,,,,,,,,,,,,,,,,,,,,,,,,,,,,,,,
437468,2330,13,13.05,,PP,,0,,1,,53.3,,,,,,,,,39,39.3,,,,,,,,,,,,,,,,,,,,,,,,,,,,,,,,,,
437468,2331,13,13.05,,PP,,0,,1,,13.2,,,,,,,,,39,39.1,,,,,,,,,,,,,,,,,,,,,,,,,,,,,,,,,,
252896,50,,26.1,,C,,1,,0,,12,,,,,,6,,months,32,32.5,19,18.8,,,,,,,,,,,,,,,,,,,,,,,,,,,,,,,,
252896,51,,26.1,,C,,1,,0,,8.1,,,,,,6,,months,32,32.5,19,18.8,,,,,,,,,,,,,,,,,,,,,,,,,,,,,,,,
252896,49,,26.1,,C,,1,,0,,8.9,,,,,,6,,months,32,32.5,19,18.8,,,,,,,,,,,,,,,,,,,,,,,,,,,,,,,,
263228,337,52,52.2,,C,,1,,0,,15,,,,,,,,,,,,,,,,,,,,,,,,,,,,,,,,,,,,,,,,,,,,
263228,1030,52,52.2,,C,,1,,0,,9,,,,,,,,,,,,,,,,,,,,,,,,,,,,,,,,,,,,,,,,,,,,
263228,1031,52,52.2,,C,,1,,0,,15,,,,,,,,,,,,,,,,,,,,,,,,,,,,,,,,,,,,,,,,,,,,
263228,336,52,52.2,,C,,1,,0,,27,,,,,,,,,,,,,,,,,,,,,,,,,,,,,,,,,,,,,,,,,,,,
437470,2312,26,26.1,,C,,1,,0,,5.3,,,,,,,,,45,45.4,2,1.9,,,,,,,,,,,,,,,,,,,,,,,,,,,,,,,,
437470,2311,26,26.1,,C,,1,,0,,7.2,,,,,,,,,42,42.2,2,1.8,,,,,,,,,,,,,,,,,,,,,,,,,,,,,,,,
423236,2116,,end of pregnancy,,PP,,0,,1,,28.57,,,,,,,,,,,9,9.45,,,,,,,,,,,,,,,,,,,,,,,,,,,,1,,,,
423236,2115,,end of pregnancy,,PP,,0,,1,,30,,,,,,,,,24,24.2,14,13.69,,,,,,,,,,,,,,,,,,,,,,,,,,,,1,,,,
319593,659,,,,PP,,0,,1,,6,,,42,41.7,,,,,,,,,,,,,,,,,,,,,,,,,,,,,,,,,,,,,,,,
319593,658,,,,PP,,0,,1,,11,,,53,53.3,,,,,,,,,,,,,,,,,,,,,,,,,,,,,,,,,,,,,,,,
319593,657,,,,PP,,0,,1,,14,,,42,42.3,,,,,,,,,,,,,,,,,,,,,,,,,,,,,,,,,,,,,,,,
423132,1942,,,,PP,,0,,1,,19.1,,,,,,,,,,,,,,,,,,,,,,,,,,,,,,,,,,,,,,,,,,,,
423132,1943,,,,PP,,0,,1,,20.8,,,,,,,,,,,,,,,,,,,,,,,,,,,,,,,,,,,,,,,,,,,,
423132,1941,,,,PP,,0,,1,,20.2,,,,,,,,,,,,,,,,,,,,,,,,,,,,,,,,,,,,,,,,,,,,
252980,15,,26.1,,C,,1,,0,,2.6,0,1,,,,6,,months,45,45.2,,,,,,,,,,,,,,,,,,,,,,,,,,,,,,,,,,
252980,16,,26.1,,C,,1,,0,,0.5,0,1,,,,6,,months,47,47.4,,,,,,,,,,,,,,,,,,,,,,,,,,,,,,,,,,
437466,2267,52,52.2,,C,,1,,0,,17,,,64,63.5,,,,,39,39.21,19,19.4,,,,,,,,,,,,,,,,,,,,,,,,,,,,,,,,
437466,2266,52,52.2,,C,,1,,0,,16,,,,,,,,,40,39.68,19,18.7,,,,,,,,,,,,,,,,,,,,,,,,,,,,,,,,
296262,467,52,52.2,,C,,1,,0,,3,,,,,,,,,41,41.2,17,17.1,,,,,,,,,,,,,,,,,,,,,,,,,,,,,,,,
296262,465,52,52.2,,C,,1,,0,,3,,,,,,,,,41,40.9,18,17.7,,,,,,,,,,,,,,,,,,,,,,,,,,,,,,,,
296262,464,52,52.2,,C,,1,,0,,5,,,,,,,,,41,40.8,17,17.1,,,,,,,,,,,,,,,,,,,,,,,,,,,,,,,,
296262,466,52,52.2,,C,,1,,0,,2,,,,,,,,,41,41.3,17,17.2,,,,,,,,,,,,,,,,,,,,,,,,,,,,,,,,
263249,365,26,26.1,,C,,1,,0,,39.5,,,70,69.8,,,,,44,44.4,22,21.6,,,,,,,,,,,,,,,,,,,,,,,,,,,,,,,,
263249,366,26,26.1,,C,,1,,0,,26.5,,,59,59.2,,,,,47,46.9,22,21.8,,,,,,,,,,,,,,,,,,,,,,,,,,,,,,,,
263212,315,52,52.2,,PP,,0,,1,,8,,,54,53.8,,,,,43,43.39,23,22.93,,,,,,,,,,,,,,,,,,,,,,,,,,,,,,,,
263212,316,52,52.2,,PP,,0,,1,,7,,,44,44.4,,,,,44,43.95,20,19.78,,,,,,,,,,,,,,,,,,,,,,,,,,,,,,,,
296274,494,52,52.2,,PP,,0,,1,,11.7,,,60,59.5,,,,,41,41.1,22,21.9,,,,,,,,,,,,,,,,,,,,,,,,,,,,,,,,
296274,489,52,52.2,,PP,,0,,1,,21.2,,,,,,,,,40,40.5,22,21.6,,,,,,,,,,,,,,,,,,,,,,,,,,,,,,,,
296274,493,52,52.2,,PP,,0,,1,,13.8,,,59,59.2,,,,,41,41.4,22,21.8,,,,,,,,,,,,,,,,,,,,,,,,,,,,,,,,
296274,491,52,52.2,,PP,,0,,1,,17.1,,,60,60.3,,,,,,,22,21.8,,,,,,,,,,,,,,,,,,,,,,,,,,,,,,,,
296274,492,52,52.2,,PP,,0,,1,,14.3,,,62,62.2,,,,,41,40.8,22,21.5,,,,,,,,,,,,,,,,,,,,,,,,,,,,,,,,
296274,490,52,52.2,,PP,,0,,1,,20.1,,,59,59.2,,,,,41,41.4,,,,,,,,,,,,,,,,,,,,,,,,,,,,,,,,,,
319587,645,26,26.1,,PP,,0,,1,,7.5,,,,,,,,,17,16.7,6,6.5,,,,,,,,,,,,,,,,,,,,,,,,,,,,,,,,
319587,646,26,26.1,,PP,,0,,1,,0.1,,,,,,,,,17,16.7,6,6.5,,,,,,,,,,,,,,,,,,,,,,,,,,,,,,,,
296346,424,130,130.5,,PP,,0,,1,,50,,,,,,,,,,,,,,,,,,,,,,,,,,,,,,,,,,,,,,,,,,,,
296346,423,130,130.5,,PP,,0,,1,,50,,,,,,,,,,,,,,,,,,,,,,,,,,,,,,,,,,,,,,,,,,,,
436349,2623,26,26.1,,C,,1,,0,,12.6,,,,,,,,,,,,,,,,,,,,,,,,,,,,,,,,,,,,,,,,,,,,
436349,2624,26,26.1,,C,,1,,0,,12.1,,,,,,,,,,,,,,,,,,,,,,,,,,,,,,,,,,,,,,,,,,,,
263154,258,52,52.2,,PP,,0,,1,,7,,,,,,,,,37,37.4,,,,,,,,,,,,,,,,,,,,,,,,,,,,,,,,,,
263154,256,52,52.2,,PP,,0,,1,,20,,,,,,,,,38,38.3,21,20.7,,,,,,,,,,,,,,,,,,,,,,,,,,,,,,,,
263154,257,52,52.2,,PP,,0,,1,,10,,,,,,,,,38,37.8,21,21.3,,,,,,,,,,,,,,,,,,,,,,,,,,,,,,,,
321117,713,52,52.2,,PP,,0,,1,,31,,,,,,,,,59,59.4,28,27.8,,,,,,,,,,,,,,,,,,,,,,,,,,,,,,,,
321117,714,52,52.2,,PP,,0,,1,,10,,,,,,,,,59,59.4,28,27.8,,,,,,,,,,,,,,,,,,,,,,,,,,,,,,,,
321117,711,52,52.2,,PP,,0,,1,,27,,,,,,,,,59,59.4,28,27.8,,,,,,,,,,,,,,,,,,,,,,,,,,,,,,,,
321117,712,52,52.2,,PP,,0,,1,,36,,,,,,,,,59,59.4,28,27.8,,,,,,,,,,,,,,,,,,,,,,,,,,,,,,,,
423077,2003,26,26.1,,pp,,0,,1,,14,,,,,,,,,41,40.6,22,21.9,,,,,,,,,,,,,,,,,,,,,,,,,,,,,,,,
423077,2001,26,26.1,,pp,,0,,1,,10,,,,,,,,,42,41.9,22,21.7,,,,,,,,,,,,,,,,,,,,,,,,,,,,,,,,
423077,2002,26,26.1,,pp,,0,,1,,12,,,,,,,,,41,41.3,24,24.3,,,,,,,,,,,,,,,,,,,,,,,,,,,,,,,,
263189,295,52,52.2,,C,,1,,0,,18.1,,,49,49.1,,,,,41,41.03,22,22.47,,,,,,,,,,,,,,,,,,,,,,,,,,,,,,,,
263189,296,52,52.2,,C,,1,,0,,12.4,,,52,52.1,,,,,38,37.82,22,21.98,,,,,,,,,,,,,,,,,,,,,,,,,,,,,,,,
263189,294,52,52.2,,C,,1,,0,,20.4,,,,,,,,,37,36.76,22,21.87,,,,,,,,,,,,,,,,,,,,,,,,,,,,,,,,
263189,297,52,52.2,,C,,1,,0,,14.2,,,,,,,,,39,39.42,21,21.37,,,,,,,,,,,,,,,,,,,,,,,,,,,,,,,,
423136,2045,26,26.1,,PP,,0,,1,,0,,,,,,,,,42,42.3,,,,,,,,,,,,,,,,,,,,,,,,,,,,,,,,,,
423136,2046,26,26.1,,PP,,0,,1,,0,,,,,,,,,43,42.8,,,,,,,,,,,,,,,,,,,,,,,,,,,,,,,,,,
296307,557,30,30.45,,PP,,0,,1,,10,,,,,,,,,,,,,,,,,,,,,,,,,,,,,,,,,,,,,,,,,,,,
296307,553,30,30.45,,PP,,0,,1,,12.7,,,,,,,,,,,,,,,,,,,,,,,,,,,,,,,,,,,,,,,,,,,,
296307,556,30,30.45,,PP,,0,,1,,14.1,,,,,,,,,,,,,,,,,,,,,,,,,,,,,,,,,,,,,,,,,,,,
296307,558,30,30.45,,PP,,0,,1,,7.6,,,,,,,,,,,,,,,,,,,,,,,,,,,,,,,,,,,,,,,,,,,,
296307,554,30,30.45,,PP,,0,,1,,10.8,,,,,,,,,,,,,,,,,,,,,,,,,,,,,,,,,,,,,,,,,,,,
296307,555,30,30.45,,PP,,0,,1,,8.5,,,,,,,,,,,,,,,,,,,,,,,,,,,,,,,,,,,,,,,,,,,,
296307,552,30,30.45,,PP,,0,,1,,11.7,,,,,,,,,,,,,,,,,,,,,,,,,,,,,,,,,,,,,,,,,,,,
263042,110,,10,,PP,,0,,1,,8,,,,,,10,,weeks,40,39.7,20,20.3,,,,,,,,,,,,,,,,,,,,,,,,,,,,,,,,
263042,109,,10,,PP,,0,,1,,4,,,,,,10,,weeks,40,39.7,20,20.3,,,,,,,,,,,,,,,,,,,,,,,,,,,,,,,,
263042,111,,10,,PP,,0,,1,,3.2,,,,,,10,,weeks,40,39.7,20,20.3,,,,,,,,,,,,,,,,,,,,,,,,,,,,,,,,
263042,108,,10,,PP,,0,,1,,8,,,,,,10,,weeks,40,39.7,20,20.3,,,,,,,,,,,,,,,,,,,,,,,,,,,,,,,,
321133,727,4,4.35,,PP,,0,,1,,19.28,,,,,,,,,,,18,17.7,,,,,,,,,,,,,,,,,,,,,,,,,,,,,,,,
321133,729,4,4.35,,PP,,0,,1,,7.26,,,,,,,,,,,17,17.4,,,,,,,,,,,,,,,,,,,,,,,,,,,,,,,,
321133,728,4,4.35,,PP,,0,,1,,16.2,,,,,,,,,,,18,17.7,,,,,,,,,,,,,,,,,,,,,,,,,,,,,,,,
437465,2300,,,,C,,1,,0,,74.1,,,,,,,,,,,,,,,,,,,,,,,,,,,,,,,,,,,,,,,,,,,,
437465,2301,,,,C,,1,,0,,71.9,,,,,,,,,,,,,,,,,,,,,,,,,,,,,,,,,,,,,,,,,,,,
263051,119,,26,,PP,,0,,1,,10.1,0,1,66,66.1,,26,,weeks,45,45.2,8,7.8,,,,,,,,,,,,,,,,,,,,,,,,,,,,,,,,
263051,122,,26,,PP,,0,,1,,15.4,0,1,68,68.1,,26,,weeks,45,45.2,7,7.3,,,,,,,,,,,,,,,,,,,,,,,,,,,,,,,,
263051,121,,26,,PP,,0,,1,,6.9,0,1,65,65.1,,26,,weeks,46,46.5,8,7.5,,,,,,,,,,,,,,,,,,,,,,,,,,,,,,,,
263051,120,,26,,PP,,0,,1,,18,0,1,68,68.3,,26,,weeks,44,43.5,8,7.5,,,,,,,,,,,,,,,,,,,,,,,,,,,,,,,,
296268,477,4,4.35,,PP,,0,,1,,6.2,,,58,58.4,,,,,40,39.6,22,21.7,,,,,,,,,,,,,,,,,,,,,,,,,,,,,,,,
296268,478,4,4.35,,PP,,0,,1,,6.6,,,58,58.4,,,,,40,39.6,22,21.7,,,,,,,,,,,,,,,,,,,,,,,,,,,,,,,,
296268,476,4,4.35,,PP,,0,,1,,10.4,,,58,58.4,,,,,40,39.6,22,21.7,,,,,,,,,,,,,,,,,,,,,,,,,,,,,,,,
437486,2318,,,,PP,,0,,1,,22.2,,,41,40.7,,,,,47,47.31,20,20.09,,,,,,,,,,,,,,,,,,,,,,,,,,,,,,,,
437486,2317,,,,PP,,0,,1,,17.7,,,42,41.9,,,,,45,44.97,20,20.11,,,,,,,,,,,,,,,,,,,,,,,,,,,,,,,,
263270,390,52,52.2,,PP,,0,,1,,12,,,,,,,,,,,,,,,,,,,,,,,,,,,,,,,,,,,,,,,,,,,,
263270,389,52,52.2,,PP,,0,,1,,15,,,,,,,,,,,,,,,,,,,,,,,,,,,,,,,,,,,,,,,,,,,,
263270,392,52,52.2,,PP,,0,,1,,3,,,,,,,,,,,,,,,,,,,,,,,,,,,,,,,,,,,,,,,,,,,,
263270,391,52,52.2,,PP,,0,,1,,3,,,,,,,,,,,,,,,,,,,,,,,,,,,,,,,,,,,,,,,,,,,,
423114,2081,,12,,PP,,0,,1,,28.4,0,1,,,,12,,weeks,,,,,,,,,,,,,,,,,,,,,,,,,,,,,,,,,,,,
423114,2082,,12,,PP,,0,,1,,9.4,0,1,,,,12,,weeks,,,,,,,,,,,,,,,,,,,,,,,,,,,,,,,,,,,,
263224,329,,,,PP,,0,,1,,3,,,,,,,,,,,17,16.6,,,,,,,,,,,,,,,,,,,,,,,,,,,,,,,,
263224,330,,,,PP,,0,,1,,7,,,,,,,,,,,16,16.2,,,,,,,,,,,,,,,,,,,,,,,,,,,,,,,,
321104,703,52,52.2,,PP,,0,,1,,31.6,,,59,58.7,,,,,46,45.75,24,24.01,,,,,,,,,,,,,,,,,,,,,,,,,,,,,,,,
321104,704,52,52.2,,PP,,0,,1,,17.5,,,59,58.7,,,,,46,46.16,24,24.23,,,,,,,,,,,,,,,,,,,,,,,,,,,,,,,,
296277,501,26,26.1,,PP,,0,,1,,11,,,,,,,,,43,42.8,,,,,,,,,,,,,,,,,,,,,,,,,,,,,,,,,,
296277,502,26,26.1,,PP,,0,,1,,4,,,,,,,,,40,39.9,,,,,,,,,,,,,,,,,,,,,,,,,,,,,,,,,,
263250,367,26,26.1,,C,,1,,0,,45.4,,,,,,,,,38,38.3,,,,,,,,,,,,,,,,,,,,,,,,,,,,,,,,,,
263250,369,26,26.1,,C,,1,,0,,8.5,,,,,,,,,42,41.7,,,,,,,,,,,,,,,,,,,,,,,,,,,,,,,,,,
263250,368,26,26.1,,C,,1,,0,,41,,,,,,,,,43,42.8,,,,,,,,,,,,,,,,,,,,,,,,,,,,,,,,,,
423091,1937,52,52.2,,PP,,0,,1,,35,,,,,,,,,,,,,,,,,,,,,,,,,,,,,,,,,,,,,,,,1,,1,,
423091,1938,52,52.2,,PP,,0,,1,,36,,,,,,,,,,,,,,,,,,,,,,,,,,,,,,,,,,,,,,,,1,,1,,
296321,595,52,52.2,,PP,,0,,1,,25.7,,,53,53.2,,,,,44,44.5,23,23.2,,,,,,,,,,,,,,,,,,,,,,,,,,,,,,,,
296321,596,52,52.2,,PP,,0,,1,,33.2,,,56,56.4,,,,,45,44.6,23,23.1,,,,,,,,,,,,,,,,,,,,,,,,,,,,,,,,
296321,598,52,52.2,,PP,,0,,1,,31.4,,,60,59.7,,,,,46,46.1,24,23.8,,,,,,,,,,,,,,,,,,,,,,,,,,,,,,,,
296321,597,52,52.2,,PP,,0,,1,,23.6,,,60,60.4,,,,,,,23,22.7,,,,,,,,,,,,,,,,,,,,,,,,,,,,,,,,
437440,2258,13,13.05,,C,,1,,0,,1.6,,,49,49.3,,,,,29,28.7,15,14.6,,,,,,,,,,,,,,,,,,,,,,,,,,,,,,,,
437440,2259,13,13.05,,C,,1,,0,,0.9,,,49,48.8,,,,,29,29.1,15,14.8,,,,,,,,,,,,,,,,,,,,,,,,,,,,,,,,
437565,2805,130,130.5,,PP,,0,,1,,28.8,,,,,,,,,48,47.5,20,20.5,,,,,,,,,,,,,,,,,,,,,,,,,,,,,,,,
437565,2806,130,130.5,,PP,,0,,1,,23.3,,,,,,,,,48,47.5,20,20.5,,,,,,,,,,,,,,,,,,,,,,,,,,,,,,,,
437565,2804,130,130.5,,PP,,0,,1,,33.4,,,,,,,,,48,47.5,20,20.5,,,,,,,,,,,,,,,,,,,,,,,,,,,,,,,,
296253,17,26,26.1,,PP,,0,,1,,15.3,,,16,15.8,,,,,,,14,14.5,,,,,,,,,,,,,,,,,,,,,,,,,,,,,,,,
296253,18,26,26.1,,PP,,0,,1,,7.4,,,16,16.1,,,,,,,14,14.5,,,,,,,,,,,,,,,,,,,,,,,,,,,,,,,,
437482,2303,,26.1,,PP,,0,,1,,9.2,,,,,,6,,months,26,26.1,,,,,,,,,,,,,,,,,,,,,,,,,,,,,,1,,,,
437482,2302,,26.1,,PP,,0,,1,,14.7,,,,,,6,,months,27,26.7,,,,,,,,,,,,,,,,,,,,,,,,,,,,,,1,,,,
319583,636,26,26.1,,PP,,0,,1,,20.4,,,36,35.5,,,,,19,19.4,3,3.4,,,,,,,,,,,,,,,,,,,,,,,,,,,,,,,,
319583,637,26,26.1,,PP,,0,,1,,24.6,,,58,57.5,,,,,20,19.5,4,3.6,,,,,,,,,,,,,,,,,,,,,,,,,,,,,,,,
296270,482,78,78.3,,PP,,0,,1,,17.4,,,51,51.1,,,,,36,35.9,,,,,,,,,,,,,,,,,,,,,,,,,,,,,,,,,,
296270,483,78,78.3,,PP,,0,,1,,19,,,51,51.1,,,,,36,35.9,,,,,,,,,,,,,,,,,,,,,,,,,,,,,,,,,,
296270,481,78,78.3,,PP,,0,,1,,19.6,,,51,51.1,,,,,36,35.9,,,,,,,,,,,,,,,,,,,,,,,,,,,,,,,,,,
296254,452,52,52.2,,C,,1,,0,,13,,,,,,,,,57,57.2,26,26.2,,,,,,,,,,,,,,,,,,,,,,,,,,,,,,,,
296254,453,52,52.2,,C,,1,,0,,4.1,,,,,,,,,57,57.1,27,26.7,,,,,,,,,,,,,,,,,,,,,,,,,,,,,,,,
296299,532,,,,PP,,0,,1,,21.5,,,,,,,,,44,44.4,,,,,,,,,,,,,,,,,,,,,,,,,,,,,,,,,,
296299,535,,,,PP,,0,,1,,15.2,,,,,,,,,44,44.4,,,,,,,,,,,,,,,,,,,,,,,,,,,,,,,,,,
296299,534,,,,PP,,0,,1,,13.7,,,,,,,,,44,44.4,,,,,,,,,,,,,,,,,,,,,,,,,,,,,,,,,,
296299,533,,,,PP,,0,,1,,12.3,,,,,,,,,44,44.4,,,,,,,,,,,,,,,,,,,,,,,,,,,,,,,,,,
296371,445,4,4.35,,PP,,0,,1,,6.7,,,,,,,,,,,,,,,,,,,,,,,,,,,,,,,,,,,,,,,,,,,,
296371,444,4,4.35,,PP,,0,,1,,20,,,,,,,,,,,,,,,,,,,,,,,,,,,,,,,,,,,,,,,,,,,,
437555,2646,26,26.1,,PP,,0,,1,,2.6,,,,,,,,,,,,,,,,,,,,,,,,,,,,,,,,,,,,,,,,,,,,
437555,2645,26,26.1,,PP,,0,,1,,11.1,,,,,,,,,,,,,,,,,,,,,,,,,,,,,,,,,,,,,,,,,,,,
263055,126,,52,,PP,,0,,1,,11,0,1,,,,52,,weeks,21,20.8,18,18.2,,,,,,,,,,,,,,,,,,,,,,,,,,,,,,,,
263055,125,,52,,PP,,0,,1,,11,0,1,,,,52,,weeks,21,20.9,18,18.1,,,,,,,,,,,,,,,,,,,,,,,,,,,,,,,,
437549,2345,,delivery,,PP,,0,,1,,20,,,,,,,,,26,26.1,5,4.6,,,,,,,,,,,,,,,,,,,,,,,,,,,,1,,,,
437549,2346,,delivery,,PP,,0,,1,,20,,,,,,,,,28,27.8,5,4.9,,,,,,,,,,,,,,,,,,,,,,,,,,,,1,,,,
263081,158,26,26.1,,C,,1,,0,,23.4,,,,,,,,,51,50.8,,,,,,,,,,,,,,,,,,,,,,,,,,,,,,,,,,
263081,159,26,26.1,,C,,1,,0,,10.4,,,,,,,,,50,50.3,21,20.6,,,,,,,,,,,,,,,,,,,,,,,,,,,,,,,,
437564,2802,,,,C,,1,,0,,42.1,,,,,,,,,25,24.7,,,,,,,,,,,,,,,,,,,,,,,,,,,,,,,,,,
437564,2803,,,,C,,1,,0,,5,,,,,,,,,24,24.3,,,,,,,,,,,,,,,,,,,,,,,,,,,,,,,,,,
296368,433,52,52.2,,NCS,,0,,0,,57,,,,,,,,,,,14,14.3,,,,,,,,,,,,,,,,,,,,,,,,,,,,,,,,
296368,434,52,52.2,,NCS,,0,,0,,37,,,,,,,,,,,16,15.6,,,,,,,,,,,,,,,,,,,,,,,,,,,,,,,,
423093,2079,104,104.4,,PP,,0,,1,,48,,,,,,,,,,,20,19.8,,,,,,,,,,,,,,,,,,,,,,,,,,,,,,2,,
423093,2080,104,104.4,,PP,,0,,1,,45.4,,,,,,,,,,,19,19.2,,,,,,,,,,,,,,,,,,,,,,,,,,,,,,2,,
423093,2078,104,104.4,,PP,,0,,1,,44.3,,,,,,,,,44,43.8,20,20.3,,,,,,,,,,,,,,,,,,,,,,,,,,,,,,2,,
252982,19,,4,,C,,1,,0,,14.3,0,1,,,,4,,weeks,,,,,,,,,,,,,,,,,,,,,,,,,,,,,,,,,,,,
252982,20,,4,,C,,1,,0,,4,0,1,,,,4,,weeks,,,,,,,,,,,,,,,,,,,,,,,,,,,,,,,,,,,,
437528,2273,26,26.1,,PP,,0,,1,,3.8,,,,,,,,,,,,,,,,,,,,,,,,,,,,,,,,,,,,,,,,,,,,
437528,2272,26,26.1,,PP,,0,,1,,5.2,,,13,12.7,,,,,,,,,,,,,,,,,,,,,,,,,,,,,,,,,,,,,,,,
321114,708,,,,PP,,0,,1,,22,,,,,,,,,40,39.7,24,23.8,,,,,,,,,,,,,,,,,,,,,,,,,,,,,,,,
321114,705,,,,PP,,0,,1,,24,,,,,,,,,40,39.7,24,23.8,,,,,,,,,,,,,,,,,,,,,,,,,,,,,,,,
321114,706,,,,PP,,0,,1,,25,,,,,,,,,40,39.7,24,23.8,,,,,,,,,,,,,,,,,,,,,,,,,,,,,,,,
321114,707,,,,PP,,0,,1,,17,,,,,,,,,40,39.7,24,23.8,,,,,,,,,,,,,,,,,,,,,,,,,,,,,,,,
296327,611,52,52.2,,C,,1,,0,,7.5,,,,,,,,,36,36.3,20,20.2,,,,,,,,,,,,,,,,,,,,,,,,,,,,,,,,
296327,610,52,52.2,,C,,1,,0,,9.9,,,,,,,,,36,36.3,20,20.2,,,,,,,,,,,,,,,,,,,,,,,,,,,,,,,,
296327,612,52,52.2,,C,,1,,0,,5.4,,,,,,,,,36,36.3,20,20.2,,,,,,,,,,,,,,,,,,,,,,,,,,,,,,,,
296286,511,17,17.4,,C,,1,,0,,7,,,,,,,,,,,,,,,,,,,,,,,,,,,,,,,,,,,,,,,,,,,,
296286,510,17,17.4,,C,,1,,0,,9,,,,,,,,,,,,,,,,,,,,,,,,,,,,,,,,,,,,,,,,,,,,
263269,387,,,,PP,,0,,1,,31,,,,,,,,,,,22,21.6,,,,,,,,,,,,,,,,,,,,,,,,,,,,,,,,
263269,388,,,,PP,,0,,1,,21,,,,,,,,,,,21,21.4,,,,,,,,,,,,,,,,,,,,,,,,,,,,,,,,
263215,320,26,26.1,,PP,,0,,1,,9.35,,,64,63.6,,,,,,,,,,,,,,,,,,,,,,,,,,,,,,,,,,,,,,,,
263215,319,26,26.1,,PP,,0,,1,,7.6,,,80,80.3,,,,,,,,,,,,,,,,,,,,,,,,,,,,,,,,,,,,,,,,
280787,381,130,130.5,,PP,,0,,1,,23.3,,,,,,,,,,,,,,,,,,,,,,,,,,,,,,,,,,,,,,,,,,,,
280787,382,130,130.5,,PP,,0,,1,,10.2,,,,,,,,,,,,,,,,,,,,,,,,,,,,,,,,,,,,,,,,,,,,
437572,2634,52,52.2,,PP,,0,,1,,20.7,,,,,,,,,53,53.2,12,11.7,,,,,,,,,,,,,,,,,,,,,,,United States,Mexico,,,,,,,,
437572,2635,52,52.2,,PP,,0,,1,,20,,,,,,,,,53,53.4,,,,,,,,,,,,,,,,,,,,,,,,,United States,Mexico,,,,,,,,
321101,700,52,52.2,,NCS,,0,,0,,32,,,,,,,,,36,36.4,25,24.7,,,,,,,,,,,,,,,,,,,,,,,,,,,,,,,,
321101,701,52,52.2,,NCS,,0,,0,,40,,,,,,,,,36,36.4,25,24.7,,,,,,,,,,,,,,,,,,,,,,,,,,,,,,,,
321101,702,52,52.2,,NCS,,0,,0,,6,,,,,,,,,36,36.4,25,24.7,,,,,,,,,,,,,,,,,,,,,,,,,,,,,,,,
321101,699,52,52.2,,NCS,,0,,0,,45,,,,,,,,,36,36.4,25,24.7,,,,,,,,,,,,,,,,,,,,,,,,,,,,,,,,
319573,621,52,52.2,,PP,,0,,1,,14,,,62,62.3,,,,,15,15.4,14,14.48,,,,,,,,,,,,,,,,,,,,,,,,,,,,,,,,
319573,622,52,52.2,,PP,,0,,1,,9.9,,,62,62.3,,,,,15,15.4,14,14.48,,,,,,,,,,,,,,,,,,,,,,,,,,,,,,,,
296266,470,8,7.83,,PP,,0,,1,,20.6,,,,,,,,,,,,,,,,,,,,,,,,,,,,,,,,,,,,,,,,,,,,
296266,471,8,7.83,,PP,,0,,1,,17.6,,,,,,,,,,,,,,,,,,,,,,,,,,,,,,,,,,,,,,,,,,,,
319600,671,52,52.2,,PP,,0,,1,,6,,,34,33.7,,,,,,,,,,,,,,,,,,,,,,,,,,,,,,,,,,,,,,,,
319600,670,52,52.2,,PP,,0,,1,,6,,,38,37.9,,,,,,,,,,,,,,,,,,,,,,,,,,,,,,,,,,,,,,,,
423085,1917,26,26.1,,PP,,0,,1,,22.1,,,,,,,,,49,49.1,15,14.8,,,,,,,,,,,,,,,,,,,,,,,,,,,,,,,,
423085,1918,26,26.1,,PP,,0,,1,,18,,,,,,,,,50,49.6,15,14.7,,,,,,,,,,,,,,,,,,,,,,,,,,,,,,,,
423085,1920,26,26.1,,PP,,0,,1,,18.7,,,,,,,,,50,49.7,15,14.8,,,,,,,,,,,,,,,,,,,,,,,,,,,,,,,,
423085,1919,26,26.1,,PP,,0,,1,,23.4,,,,,,,,,51,51.1,14,14.1,,,,,,,,,,,,,,,,,,,,,,,,,,,,,,,,
437436,2236,52,52.2,,PP,,0,,1,,0,,,,,,,,,43,42.7,12,11.6,,,,,,,,,,,,,,,,,,,,,,,,,,,,,,,,
437436,2235,52,52.2,,PP,,0,,1,,6.3,,,,,,,,,43,42.7,12,11.6,,,,,,,,,,,,,,,,,,,,,,,,,,,,,,,,
423117,2109,,26.1,,PP,,0,,1,,45,0,1,,45.5,,6,,months,,42.2,,17.9,,,,,0,1,0,1,0,1,,,0,1,,,,,,,,,,,,26,,,,,0,1
423117,2110,,26.1,,PP,,0,,1,,55,0,1,,54.5,,6,,months,,43.2,,18.4,,,,,,,0,1,0,1,,,0,1,,,,,,,,,,,,23,,,,,0,1
263186,292,,,,C,,1,,0,,13,,,64,64.1,,,,,43,43.4,23,22.9,,,,,,,,,,,,,,,,,,,,,,,,,,,,,,,,
263186,293,,,,C,,1,,0,,15,,,61,60.7,,,,,44,43.7,23,23.1,,,,,,,,,,,,,,,,,,,,,,,,,,,,,,,,
423482,1977,26,26.1,,PP,,0,,1,,12,,,50,49.8,,,,,46,45.7,,,,,,,,,,,,,,,,,,,,,,,,,,,,,,,,,,
423482,1976,26,26.1,,PP,,0,,1,,25.5,,,53,52.7,,,,,46,46.1,,,,,,,,,,,,,,,,,,,,,,,,,,,,,,,,,,
423482,1978,26,26.1,,PP,,0,,1,,12,,,50,49.8,,,,,46,45.6,,,,,,,,,,,,,,,,,,,,,,,,,,,,,,,,,,
296309,561,,,,PP,,0,,1,,46,,,,,,,,,,,,,,,,,,,,,,,,,,,,,,,,,,,,,,,,,,,,
296309,562,,,,PP,,0,,1,,34.7,,,,,,,,,54,53.9,,,,,,,,,,,,,,,,,,,,,,,,,,,,,,,,,,
423078,1939,52,52.2,,C,,1,,0,,41,,,,,,,,,44,43.9,,,,,,,,,,,,,,,,,,,,,,,,,,,,,,,,,,
423078,1940,52,52.2,,C,,1,,0,,26,,,,,,,,,47,46.6,,,,,,,,,,,,,,,,,,,,,,,,,,,,,,,,,,
263211,314,52,52.2,,C,,1,,0,,13.9,,,67,66.8,,,,,,,,,,,,,,,,,,,,,,,,,,,,,,,,,,,,,,,,
263211,313,52,52.2,,C,,1,,0,,11.7,,,60,60.5,,,,,,,,,,,,,,,,,,,,,,,,,,,,,,,,,,,,,,,,
436362,2647,,,,C,,1,,0,,6.5,,,5,4.9,,,,,38,38.1,20,20.3,,,,,,,,,,,,,,,,,,,,,,,,,,,,,,,,
436362,2649,,,,C,,1,,0,,1.9,,,6,5.8,,,,,39,38.7,,,,,,,,,,,,,,,,,,,,,,,,,,,,,,,,,,
436362,2648,,,,C,,1,,0,,6,,,,,,,,,37,37.2,20,19.8,,,,,,,,,,,,,,,,,,,,,,,,,,,,,,,,
263242,356,26,26.1,,PP,,0,,1,,15,,,,,,,,,,,17,16.7,,,,,,,,,,,,,,,,,,,,,,,,,,,,,,,,
263242,355,26,26.1,,PP,,0,,1,,26,,,,,,,,,,,17,16.7,,,,,,,,,,,,,,,,,,,,,,,,,,,,,,,,
296264,468,26,26.1,,PP,,0,,1,,25,,,,,,,,,,,,,,,,,,,,,,,,,,,,,,,,,,,,,,,,,,,,
296264,469,26,26.1,,PP,,0,,1,,27.3,,,,,,,,,,,,,,,,,,,,,,,,,,,,,,,,,,,,,,,,,,,,
296271,486,35,34.8,,PP,,0,,1,,19,,,,,,,,,,,,,,,,,,,,,,,,,,,,,,,,,,,,,,,,,,,,
296271,485,35,34.8,,PP,,0,,1,,13,,,,,,,,,,,,,,,,,,,,,,,,,,,,,,,,,,,,,,,,,,,,
296271,484,35,34.8,,PP,,0,,1,,18,,,,,,,,,,,,,,,,,,,,,,,,,,,,,,,,,,,,,,,,,,,,
263152,254,,,,PP,,0,,1,,25.58,,,15,15.1,,,,,,,20,19.8,,,,,,,,,,,,,,,,,,,,,,,,,,,,,,,,
263152,253,,,,PP,,0,,1,,20.41,,,15,15.1,,,,,,,20,19.8,,,,,,,,,,,,,,,,,,,,,,,,,,,,,,,,
263152,255,,,,PP,,0,,1,,19.72,,,15,15.1,,,,,,,20,19.8,,,,,,,,,,,,,,,,,,,,,,,,,,,,,,,,
296375,1039,52,52.2,,C,,1,,0,,5,,,,,,,,,62,62.5,20,20.2,,,,,,,,,,,,,,,,,,,,,,,,,,,,,,,,
296375,1038,52,52.2,,C,,1,,0,,6,,,,,,,,,61,61.2,20,19.9,,,,,,,,,,,,,,,,,,,,,,,,,,,,,,,,
296375,448,52,52.2,,C,,1,,0,,14,,,,,,,,,61,61.3,18,18.3,,,,,,,,,,,,,,,,,,,,,,,,,,,,,,,,
296375,449,52,52.2,,C,,1,,0,,14,,,,,,,,,59,59.2,20,20.1,,,,,,,,,,,,,,,,,,,,,,,,,,,,,,,,
437446,2209,52,52.2,,PP,,0,,1,,19.3,,,,,,,,,51,50.6,19,19.3,,,,,,,,,,,,,,,,,,,,,,,,,,,,,,,,
437446,2210,52,52.2,,PP,,0,,1,,16.9,,,,,,,,,,,20,19.7,,,,,,,,,,,,,,,,,,,,,,,,,,,,,,,,
423043,2025,26,26.1,,C,,1,,0,,12.1,,,60,59.6,,,,,46,46.2,,,,,,,,,,,,,,,,,,,,,,,,,,,,,,,,,,
423043,2024,26,26.1,,C,,1,,0,,14,,,61,60.9,,,,,45,45.4,19,18.7,,,,,,,,,,,,,,,,,,,,,,,,,,,,,,,,
423043,2023,26,26.1,,C,,1,,0,,14.6,,,62,62.2,,,,,46,45.5,,,,,,,,,,,,,,,,,,,,,,,,,,,,,,,,,,
319578,629,4,4.35,,PP,,0,,1,,22.2,,,,,,,,,15,15.03,,,,,,,,,,,,,,,,,,,,,,,,,,,,,,,,,,
319578,630,4,4.35,,PP,,0,,1,,15.2,,,,,,,,,15,15.03,,,,,,,,,,,,,,,,,,,,,,,,,,,,,,,,,,
263180,286,52,52.2,,PP,,0,,1,,8.3,,,,,,,,,43,43.02,20,20.15,,,,,,,,,,,,,,,,,,,,,,,,,,,,,,,,
263180,285,52,52.2,,PP,,0,,1,,7.3,,,,,,,,,43,42.52,21,21.04,,,,,,,,,,,,,,,,,,,,,,,,,,,,,,,,
423067,2016,26,26.1,,PP,,0,,1,,22.9,,,,,,,,,37,36.7,18,17.8,,,,,,,,,,,,,,,,,,,,,,,,,,,,,,,,
423067,2017,26,26.1,,PP,,0,,1,,13,,,,,,,,,35,34.9,18,18.3,,,,,,,,,,,,,,,,,,,,,,,,,,,,,,,,
319576,627,26,26.1,,PP,,0,,1,,4.9,,,,,,,,,16,16.4,,,,,,,,,,,,,,,,,,,,,,,,,,,,,,,,,,
319576,628,26,26.1,,PP,,0,,1,,0,,,,,,,,,16,16.4,,,,,,,,,,,,,,,,,,,,,,,,,,,,,,,,,,
296323,600,26,26.1,,PP,,0,,1,,30.6,,,65,65.2,,,,,,,20,19.5,,,,,,,,,,,,,,,,,,,,,,,,,,,,,,,,
296323,601,26,26.1,,PP,,0,,1,,27.4,,,67,66.8,,,,,47,47.1,20,19.8,,,,,,,,,,,,,,,,,,,,,,,,,,,,,,,,
296323,599,26,26.1,,PP,,0,,1,,30.3,,,69,68.7,,,,,48,47.9,20,19.8,,,,,,,,,,,,,,,,,,,,,,,,,,,,,,,,
321094,688,9,8.7,,NCS,,0,,0,,7,,,,,,,,,,,31,31.46,,,,,,,,,,,,,,,,,,,,,,,,,,,,,,,,
321094,691,9,8.7,,NCS,,0,,0,,6,,,,,,,,,,,31,30.97,,,,,,,,,,,,,,,,,,,,,,,,,,,,,,,,
321094,689,9,8.7,,NCS,,0,,0,,1,,,,,,,,,,,31,31.3,,,,,,,,,,,,,,,,,,,,,,,,,,,,,,,,
321094,690,9,8.7,,NCS,,0,,0,,13,,,,,,,,,,,32,31.55,,,,,,,,,,,,,,,,,,,,,,,,,,,,,,,,
